Station ID,Station Name,Station Latitude,Station Longitude,end station id
3602,31 Ave & 34 St,40.763154,-73.920827,3602
3054,Greene Ave & Throop Ave,40.6894932,-73.942061,3054
229,Great Jones St,40.72743423,-73.99379025,229
3771,McKibbin St & Bogart St,40.706237,-73.933871,3771
441,E 52 St & 2 Ave,40.756014,-73.967416,441
3236,W 42 St & Dyer Ave,40.75898481399634,-73.99379968643188,3236
3129,Queens Plaza North & Crescent St,40.75110165,-73.94073717,3129
3467,W Broadway & Spring Street,40.72494672359416,-74.00165855884552,3467
379,W 31 St & 7 Ave,40.749156,-73.9916,379
467,Dean St & 4 Ave,40.68312489,-73.97895137,467
2000,Front St & Washington St,40.70255088,-73.98940236,2000
532,S 5 Pl & S 5 St,40.710451,-73.960876,532
3016,Kent Ave & N 7 St,40.72036775298455,-73.96165072917938,3016
3285,W 87 St & Amsterdam Ave,40.78839,-73.9747,3285
3125,45 Rd & 11 St,40.74708586,-73.94977234,3125
3429,Hanson Pl & Ashland Pl,40.68506807308177,-73.97790759801863,3429
223,W 13 St & 7 Ave,40.73781509,-73.99994661,223
3517,31 St & Hoyt Ave N,40.7711528,-73.9170074,3517
3101,N 12 St & Bedford Ave,40.72079821,-73.95484712,3101
3087,Metropolitan Ave & Meeker Ave,40.71413311,-73.95234386,3087
3747,E 84 St & 3 Ave,40.77755374298887,-73.95512759685516,3747
490,8 Ave & W 33 St,40.751551,-73.993934,490
3046,Marcus Garvey Blvd & Macon St,40.682601,-73.938037,3046
3427,Lafayette St & Jersey St,40.72430527250332,-73.99600982666016,3427
3637,Fulton St & Waverly Ave,40.68323865460341,-73.96599590778351,3637
3763,Wyckoff Av & Jefferson St,40.707165,-73.923711,3763
195,Liberty St & Broadway,40.70905623,-74.01043382,195
3362,Madison Ave & E 82 St,40.7781314,-73.96069399,3362
3288,E 88 St & 1 Ave,40.778301,-73.9488134,3288
3511,Adam Clayton Powell Blvd & W 115 St,40.802535,-73.9532423,3511
529,W 42 St & 8 Ave,40.7575699,-73.99098507,529
2002,Wythe Ave & Metropolitan Ave,40.716887,-73.963198,2002
285,Broadway & E 14 St,40.73454567,-73.99074142,285
477,W 41 St & 8 Ave,40.75640548,-73.9900262,477
3178,Riverside Dr & W 78 St,40.78414472,-73.98362492,3178
461,E 20 St & 2 Ave,40.73587678,-73.98205027,461
281,Grand Army Plaza & Central Park S,40.7643971,-73.97371465,281
3344,Pioneer St & Van Brunt St,40.679043,-74.011169,3344
518,E 39 St & 2 Ave,40.74780373,-73.9734419,518
251,Mott St & Prince St,40.72317958,-73.99480012,251
3664,North Moore St & Greenwich St,40.72019521437465,-74.0103006362915,3664
540,Lexington Ave & E 29 St,40.74311555376486,-73.98215353488922,540
3260,Mercer St & Bleecker St,40.72706363348306,-73.99662137031554,3260
254,W 11 St & 6 Ave,40.73532427,-73.99800419,254
3243,E 58 St & 1 Ave (NE Corner),40.75892386377695,-73.96226227283478,3243
3284,E 88 St & Park Ave,40.781410700190015,-73.95595908164978,3284
3518,Lenox Ave & W 126 St,40.808442,-73.9452087,3518
3383,Cathedral Pkwy & Broadway,40.804213,-73.96699104,3383
3680,E 43 St & 5 Ave,40.754120810779256,-73.98025184869766,3680
470,W 20 St & 8 Ave,40.74345335,-74.00004031,470
3107,Bedford Ave & Nassau Ave,40.72311651,-73.95212324,3107
328,Watts St & Greenwich St,40.72405549,-74.00965965,328
481,S 3 St & Bedford Ave,40.71260486,-73.96264403,481
3331,Riverside Dr & W 104 St,40.8013434,-73.9711457439,3331
497,E 17 St & Broadway,40.73704984,-73.99009296,497
312,Allen St & Stanton St,40.722055,-73.989111,312
528,2 Ave & E 31 St,40.74290902,-73.97706058,528
3106,Driggs Ave & N Henry St,40.72325,-73.94308,3106
514,12 Ave & W 40 St,40.76087502,-74.00277668,514
3232,Bond St & Fulton St,40.68962188790333,-73.98304268717766,3232
3112,Milton St & Franklin St,40.72906,-73.95779,3112
545,E 23 St & 1 Ave,40.736502,-73.97809472,545
3687,E 33 St & 1 Ave,40.74322681432173,-73.97449783980846,3687
301,E 2 St & Avenue B,40.72217444,-73.98368779,301
3510,Adam Clayton Powell Blvd & W 123 St,40.8078316,-73.949373,3510
307,Canal St & Rutgers St,40.71427487,-73.98990025,307
217,Old Fulton St,40.70277159,-73.99383605,217
3364,Carroll St & 5 Ave,40.6751622,-73.9814832,3364
3555,28 St & 41 Ave,40.751047,-73.93797,3555
460,S 4 St & Wythe Ave,40.71285887,-73.96590294,460
3495,E 114 St & 1 Ave,40.7945663,-73.9362541,3495
3092,Berry St & N 8 St,40.7190095,-73.95852515,3092
3255,8 Ave & W 31 St,40.7505853470215,-73.9946848154068,3255
455,1 Ave & E 44 St,40.75001986,-73.96905301,455
302,Avenue D & E 3 St,40.72082834,-73.97793172,302
3124,46 Ave & 5 St,40.74731,-73.95451,3124
439,E 4 St & 2 Ave,40.7262807,-73.98978041,439
515,W 43 St & 10 Ave,40.76009437,-73.99461843,515
536,1 Ave & E 30 St,40.74144387,-73.97536082,536
401,Allen St & Rivington St,40.72019576,-73.98997825,401
382,University Pl & E 14 St,40.73492695,-73.99200509,382
432,E 7 St & Avenue A,40.72621788,-73.98379855,432
319,Fulton St & Broadway,40.711066,-74.009447,319
3503,Madison Ave & E 120 St,40.80295,-73.942954,3503
3171,Amsterdam Ave & W 82 St,40.78524672,-73.97667321,3171
3094,Graham Ave & Withers St,40.7169811,-73.94485918,3094
504,1 Ave & E 16 St,40.73221853,-73.98165557,504
257,Lispenard St & Broadway,40.71939226,-74.00247214,257
476,E 31 St & 3 Ave,40.74394314,-73.97966069,476
3472,W 15 St & 10 Ave,40.74275382865903,-74.00747358798981,3472
323,Lawrence St & Willoughby St,40.69236178,-73.98631746,323
2003,1 Ave & E 18 St,40.73381219196632,-73.98054420948029,2003
369,Washington Pl & 6 Ave,40.73224119,-74.00026394,369
3290,E 89 St & York Ave,40.7779453,-73.946041,3290
3177,W 84 St & Broadway,40.7867947,-73.977112,3177
446,W 24 St & 7 Ave,40.74487634,-73.99529885,446
3746,6 Ave & Broome St,40.724308321602166,-74.00473035871983,3746
3491,E 118 St & 1 Ave,40.79747,-73.93504,3491
3737,Stanton St & Norfolk St,40.720747,-73.986274,3737
3668,Leonard St & Nassau Ave,40.7239567849954,-73.94984364509583,3668
151,Cleveland Pl & Spring St,40.722103786686034,-73.99724900722504,151
3658,W 18 St & 9 Ave,40.7435337324616,-74.00367558002472,3658
167,E 39 St & 3 Ave,40.7489006,-73.97604882,167
3398,Smith St & 9 St,40.6746957,-73.99785768,3398
3304,6 Ave & 9 St,40.668127,-73.98377641,3304
519,Pershing Square North,40.751873,-73.977706,519
3263,Cooper Square & Astor Pl,40.72951496224949,-73.99075269699097,3263
3749,Lexington Ave & E 36 St,40.7475739589548,-73.9788007736206,3749
3553,Frederick Douglass Blvd & W 112 St,40.801694,-73.957145,3553
270,Adelphi St & Myrtle Ave,40.69308257,-73.97178913,270
3351,E 102 St & 1 Ave,40.7869946,-73.94164802,3351
499,Broadway & W 60 St,40.76915505,-73.98191841,499
3102,Driggs Ave & Lorimer St,40.72179134,-73.9504154,3102
342,Columbia St & Rivington St,40.71739973,-73.98016555,342
3549,Grand Ave & Bergen St,40.678045,-73.962408,3549
3418,Plaza St West & Flatbush Ave,40.6750207,-73.97111473,3418
3411,Bond St & Bergen St,40.6849668,-73.98620772,3411
3708,W 13 St & 5 Ave,40.735445,-73.99431,3708
3715,Driggs Ave & N 9 St,40.71816969454208,-73.95520135760307,3715
465,Broadway & W 41 St,40.75513557,-73.98658032,465
3309,E 97 St & 3 Ave,40.7859201,-73.94860294,3309
3105,N 15 St & Wythe Ave,40.724055,-73.955736,3105
3148,E 84 St & 1 Ave,40.77565541,-73.95068615,3148
347,Greenwich St & W Houston St,40.728846,-74.008591,347
296,Division St & Bowery,40.71413089,-73.9970468,296
355,Bayard St & Baxter St,40.71602118,-73.99974372,355
3781,Greene Av & Myrtle Av,40.698568,-73.918877,3781
174,E 25 St & 1 Ave,40.7381765,-73.97738662,174
3370,E 78 St & 2 Ave,40.7727966,-73.95577801,3370
316,Fulton St & William St,40.70955958,-74.00653609,316
293,Lafayette St & E 8 St,40.73020660529954,-73.99102628231049,293
3508,St Nicholas Ave & Manhattan Ave,40.809725,-73.953149,3508
3356,Amsterdam Ave & W 66 St,40.7746671,-73.98470567,3356
546,E 30 St & Park Ave S,40.74444921,-73.98303529,546
526,E 33 St & 5 Ave,40.74765947,-73.98490707,526
3093,N 6 St & Bedford Ave,40.71745169,-73.95850939,3093
383,Greenwich Ave & Charles St,40.735238,-74.000271,383
3463,E 16 St & Irving Pl,40.735367055605394,-73.98797392845154,3463
3423,West Drive & Prospect Park West,40.6610633719006,-73.97945255041122,3423
241,DeKalb Ave & S Portland Ave,40.68981035,-73.97493121,241
3656,E 2 St & Avenue A,40.72307749068673,-73.98583620786667,3656
320,Leonard St & Church St,40.717571,-74.005549,320
3660,W 16 St & 8 Ave,40.74102150900266,-74.001384973526,3660
127,Barrow St & Hudson St,40.73172428,-74.00674436,127
3494,E 115 St & Lexington Ave,40.797911,-73.9423,3494
438,St Marks Pl & 1 Ave,40.72779126,-73.98564945,438
362,Broadway & W 37 St,40.75172632,-73.98753523,362
3064,Myrtle Ave & Lewis Ave,40.69681963,-73.93756926,3064
445,E 10 St & Avenue A,40.72740794,-73.98142006,445
237,E 11 St & 2 Ave,40.73047309,-73.98672378,237
3119,Vernon Blvd & 50 Ave,40.74232744,-73.95411749,3119
3258,W 27 St & 10 Ave,40.75018156325683,-74.00218427181244,3258
388,W 26 St & 10 Ave,40.749717753,-74.002950346,388
297,E 15 St & 3 Ave,40.734232,-73.986923,297
453,W 22 St & 8 Ave,40.74475148,-73.99915362,453
483,E 12 St & 3 Ave,40.73223272,-73.98889957,483
400,Pitt St & Stanton St,40.71926081,-73.98178024,400
3318,2 Ave & E 96 St,40.7839636,-73.9471673,3318
3486,Schermerhorn St & Bond St,40.688417427540834,-73.98451656103134,3486
3601,Sterling St & Bedford Ave,40.6627059,-73.9569115,3601
3394,Columbia St & W 9 St,40.6769993,-74.00647134,3394
3576,Park Pl & Vanderbilt Ave,40.6767,-73.969024,3576
364,Lafayette Ave & Classon Ave,40.68900443,-73.96023854,364
3699,W 50 St & 9 Ave,40.76360467795863,-73.98917958140373,3699
513,W 56 St & 10 Ave,40.768254,-73.988639,513
405,Washington St & Gansevoort St,40.739323,-74.008119,405
331,Pike St & Monroe St,40.71173107,-73.99193043,331
466,W 25 St & 6 Ave,40.74395411,-73.99144871,466
3140,1 Ave & E 78 St,40.77140426,-73.9535166,3140
3745,36 Ave & 31 St,40.75651272984955,-73.92957486212252,3745
346,Bank St & Hudson St,40.73652889,-74.00618026,346
244,Willoughby Ave & Hall St,40.69196035,-73.96536851,244
471,Grand St & Havemeyer St,40.71286844,-73.95698119,471
3435,Grand St & Elizabeth St,40.718822,-73.99596,3435
334,W 20 St & 7 Ave,40.74238787,-73.99726235,334
164,E 47 St & 2 Ave,40.75323098,-73.97032517,164
486,Broadway & W 29 St,40.7462009,-73.98855723,486
406,Hicks St & Montague St,40.69512845,-73.99595065,406
3561,37 Ave & 35 St,40.7531106,-73.9279917,3561
394,E 9 St & Avenue C,40.72521311,-73.97768752,394
3493,E 118 St & 3 Ave,40.799139,-73.9389152,3493
3725,2 Ave & E 72 St,40.7687620293096,-73.95840793848038,3725
3305,E 91 St & 2 Ave,40.78112229934166,-73.94965589046478,3305
3399,7 St & 3 Ave,40.67260298150126,-73.98983001708984,3399
3707,Lexington Ave & E 26 St,40.741459,-73.983293,3707
3117,Franklin St & Dupont St,40.73564,-73.95866,3117
2021,W 45 St & 8 Ave,40.75929124,-73.98859651,2021
336,Sullivan St & Washington Sq,40.73047747,-73.99906065,336
3507,Park Ave & E 124 St,40.8045555,-73.9396861,3507
478,11 Ave & W 41 St,40.76030096,-73.99884222,478
236,St Marks Pl & 2 Ave,40.7284186,-73.98713956,236
3301,Columbus Ave & W 95 St,40.7919557,-73.968087,3301
539,Metropolitan Ave & Bedford Ave,40.71534825,-73.96024116,539
341,Stanton St & Mangin St,40.71782143,-73.97628939,341
3341,Central Park West & W 102 St,40.795346,-73.96186,3341
3329,Degraw St & Smith St,40.6829151,-73.99318208,3329
128,MacDougal St & Prince St,40.72710258,-74.00297088,128
2012,E 27 St & 1 Ave,40.739445,-73.976806,2012
309,Murray St & West St,40.7149787,-74.013012,309
3366,West End Ave & W 107 St,40.8021174,-73.9681805305,3366
422,W 59 St & 10 Ave,40.770513,-73.988038,422
458,11 Ave & W 27 St,40.751396,-74.005226,458
423,W 54 St & 9 Ave,40.76584941,-73.98690506,423
314,Cadman Plaza West & Montague St,40.69383,-73.990539,314
3115,India St & Manhattan Ave,40.73232194,-73.9550858,3115
3047,Halsey St & Tompkins Ave,40.6823687,-73.944118,3047
2008,Little West St & 1 Pl,40.70569254,-74.01677685,2008
340,Madison St & Clinton St,40.71269042,-73.98776323,340
502,Henry St & Grand St,40.714215,-73.981346,502
284,Greenwich Ave & 8 Ave,40.7390169121,-74.0026376103,284
279,Peck Slip & Front St,40.707873,-74.00167,279
3151,E 81 St & York Ave,40.7728384,-73.94989233,3151
212,W 16 St & The High Line,40.74334935,-74.00681753,212
472,E 32 St & Park Ave,40.7457121,-73.98194829,472
426,West St & Chambers St,40.71754834,-74.01322069,426
3734,E 58 St &  1 Ave (NW Corner),40.759125,-73.962658,3734
503,E 20 St & Park Ave,40.73827428,-73.98751968,503
447,8 Ave & W 52 St,40.76370739,-73.9851615,447
3537,Carlton Ave & Dean St,40.6809741,-73.9710097,3537
3598,Newton Rd & 44 St,40.7595701,-73.9142678,3598
493,W 45 St & 6 Ave,40.7568001,-73.98291153,493
3533,St. Nicholas Ave & W 126 St,40.8114323,-73.9518776,3533
3568,34 St & 35 Ave,40.7569332,-73.9262231,3568
295,Pike St & E Broadway,40.71406667,-73.99293911,295
83,Atlantic Ave & Fort Greene Pl,40.68382604,-73.97632328,83
3402,Court St & State St,40.6902375,-73.99203074,3402
525,W 34 St & 11 Ave,40.75594159,-74.0021163,525
3113,Greenpoint Ave & Manhattan Ave,40.73026,-73.95394,3113
3314,W 95 St & Broadway,40.7937704,-73.971888,3314
3591,21 St & 31 Dr,40.7659,-73.930819,3591
3108,Nassau Ave & Russell St,40.72557,-73.94434,3108
454,E 51 St & 1 Ave,40.75455731,-73.96592976,454
228,E 48 St & 3 Ave,40.7546011026,-73.971878855,228
487,E 20 St & FDR Drive,40.73314259,-73.97573881,487
3002,South End Ave & Liberty St,40.711512,-74.015756,3002
3244,University Pl & E 8 St,40.73143724085228,-73.99490341544151,3244
450,W 49 St & 8 Ave,40.76227205,-73.98788205,450
3142,1 Ave & E 62 St,40.7612274,-73.96094022,3142
366,Clinton Ave & Myrtle Ave,40.693261,-73.968896,366
403,E 2 St & 2 Ave,40.72502876,-73.99069656,403
3756,White St & Moore St,40.704508,-73.9351,3756
507,E 25 St & 2 Ave,40.73912601,-73.97973776,507
3282,5 Ave & E 88 St,40.78307,-73.95939,3282
479,9 Ave & W 45 St,40.76019252,-73.9912551,479
3139,E 72 St & Park Ave,40.77118287540658,-73.96409422159195,3139
3088,Union Ave & Jackson St,40.7160751,-73.952029,3088
3675,3 Ave & E 95 St,40.78459679884892,-73.94968539476395,3675
523,W 38 St & 8 Ave,40.75466591,-73.99138152,523
308,St James Pl & Oliver St,40.71307916,-73.99851193,308
3319,14 St & 5 Ave,40.666287,-73.98895053,3319
3529,Lenox Ave & W 130 St,40.8107922,-73.9430681,3529
3690,Park Pl & Church St,40.71334184275907,-74.00935515761375,3690
3701,Cliff St & Fulton St (Old),40.70831794366396,-74.00504082441329,3701
3163,Central Park West & W 68 St,40.7734066,-73.97782542,3163
3440,Fulton St & Adams St,40.69241829257847,-73.98949474096298,3440
305,E 58 St & 3 Ave,40.76095756,-73.96724467,305
3572,34 Ave & 38 St,40.756913,-73.921631,3572
3461,Murray St & Greenwich St,40.71485150526252,-74.01122331619263,3461
3080,S 4 St & Rodney St,40.70934,-73.95608,3080
3788,E 12 St & 4 Av,40.73269,-73.98974,3788
3560,28 St & 38 Ave,40.754876,-73.934326,3560
3407,Union St & Nevins St,40.67909799721684,-73.98765474557877,3407
3697,W 64 St & Thelonious Monk Circle,40.77515953434235,-73.98918695747852,3697
3068,Humboldt St & Varet St,40.7031724,-73.940636,3068
3083,Bushwick Ave & Powers St,40.71247661,-73.94100005,3083
243,Fulton St & Rockwell Pl,40.68841,-73.979458,243
3058,Lewis Ave & Kosciuszko St,40.69237074,-73.93705428,3058
3077,Stagg St & Union Ave,40.70877084,-73.95095259,3077
3628,Lenox Ave & W 117 St,40.8025566,-73.9490782,3628
3335,Union St & 4 Ave,40.6772744,-73.98282002,3335
3158,W 63 St & Broadway,40.77163851,-73.98261428,3158
3506,Lexington Ave & E 120 St,40.8013066,-73.9398167,3506
3541,Amsterdam Ave & W 125 St,40.813358,-73.956461,3541
3167,Amsterdam Ave & W 73 St,40.77966809007312,-73.98093044757842,3167
3772,Devoe St & Morgan Ave,40.713811,-73.93515,3772
3358,Garfield Pl & 8 Ave,40.6711978,-73.97484126,3358
3570,35 Ave & 37 St,40.7557327,-73.9236611,3570
368,Carmine St & 6 Ave,40.73038599,-74.00214988,368
2006,Central Park S & 6 Ave,40.76590936,-73.97634151,2006
3306,10 St & 7 Ave,40.6662078,-73.98199886,3306
412,Forsyth St & Canal St,40.7158155,-73.99422366,412
3711,E 13 St & Avenue A,40.72966729392978,-73.98067966103554,3711
492,W 33 St & 7 Ave,40.75019995,-73.99093085,492
517,Pershing Square South,40.751581,-73.97791,517
3689,W 104 St & Amsterdam Ave,40.79904139288298,-73.96649479866028,3689
358,Christopher St & Greenwich St,40.73291553,-74.00711384,358
3581,Underhill Ave & Lincoln Pl,40.6740123,-73.9671457,3581
280,E 10 St & 5 Ave,40.73331967,-73.99510132,280
531,Forsyth St & Broome St,40.71893904,-73.99266288,531
245,Myrtle Ave & St Edwards St,40.69327018,-73.97703874,245
3671,E 81 St & 2 Ave,40.77477944895728,-73.95427465438843,3671
3733,Avenue C & E 18 St,40.730563,-73.973984,3733
168,W 18 St & 6 Ave,40.73971301,-73.99456405,168
389,Broadway & Berry St,40.71044554,-73.96525063,389
304,Broadway & Battery Pl,40.70463334,-74.01361706,304
3574,Prospect Pl & Underhill Ave,40.6769694,-73.96579,3574
3556,24 St & 41 Ave,40.7527085,-73.9397405,3556
3509,Lenox Ave & W 115 St,40.8011939,-73.9500739,3509
410,Suffolk St & Stanton St,40.72066442,-73.98517977,410
3400,E 110 St & Madison Ave,40.7961535,-73.94782145,3400
3141,1 Ave & E 68 St,40.76500525,-73.95818491,3141
3345,Madison Ave & E 99 St,40.78948541553215,-73.95242929458618,3345
3082,Hope St & Union Ave,40.71167351,-73.95141312,3082
3409,Bergen St & Smith St,40.6867443,-73.99063168,3409
311,Norfolk St & Broome St,40.7172274,-73.98802084,311
79,Franklin St & W Broadway,40.71911552,-74.00666661,79
440,E 45 St & 3 Ave,40.75255434,-73.97282625,440
3126,44 Dr & Jackson Ave,40.74718234,-73.9432635,3126
248,Laight St & Hudson St,40.72185379,-74.00771779,248
436,Hancock St & Bedford Ave,40.68216564,-73.95399026,436
3160,Central Park West & W 76 St,40.77896784,-73.97374737,3160
289,Monroe St & Classon Ave,40.6845683,-73.95881081,289
3078,Broadway & Roebling St,40.70924826276157,-73.96063148975372,3078
3146,E 81 St & 3 Ave,40.77573034,-73.9567526,3146
387,Centre St & Chambers St,40.71273266,-74.0046073,387
326,E 11 St & 1 Ave,40.72953837,-73.98426726,326
3159,W 67 St & Broadway,40.77492513,-73.98266566,3159
351,Front St & Maiden Ln,40.70530954,-74.00612572,351
469,Broadway & W 53 St,40.76344058,-73.98268129,469
3728,Pierrepont St & Monroe Pl,40.69535693320225,-73.99344027042389,3728
3718,E 11 St & Avenue B,40.72746420692392,-73.97950418293476,3718
372,Franklin Ave & Myrtle Ave,40.694546087246025,-73.95801365375519,372
3569,Franklin Ave & St Marks Ave,40.6758324,-73.9561677,3569
3346,Berkeley Pl & 7 Ave,40.675146838709786,-73.97523209452629,3346
3532,Ditmars Blvd & 19 St,40.78145,-73.9183302,3532
3618,27 St & Hunter St,40.7485,-73.941275,3618
3686,Gansevoort St & Hudson St,40.73944820130404,-74.00507032871246,3686
442,W 27 St & 7 Ave,40.746647,-73.993915,442
252,MacDougal St & Washington Sq,40.73226398,-73.99852205,252
3584,Eastern Pkwy & Franklin Ave,40.6707767,-73.9576801,3584
3387,E 106 St & Madison Ave,40.7934337,-73.94945003,3387
3674,Jay St & York St,40.70140317257725,-73.98672670125961,3674
474,5 Ave & E 29 St,40.7451677,-73.98683077,474
3419,Douglass St & 4 Ave,40.6792788,-73.98154004,3419
3095,Graham Ave & Herbert St,40.71929301,-73.94500379,3095
491,E 24 St & Park Ave S,40.74096374,-73.98602213,491
3454,Leonard St & Maujer St,40.7103685423523,-73.94705951213837,3454
359,E 47 St & Park Ave,40.75510267,-73.97498696,359
3714,Division Av & Hooper St,40.70684203101325,-73.9544353965357,3714
261,Johnson St & Gold St,40.69474881,-73.98362464,261
534,Water - Whitehall Plaza,40.70255065,-74.0127234,534
224,Spruce St & Nassau St,40.71146364,-74.00552427,224
494,W 26 St & 8 Ave,40.74734825,-73.99723551,494
3790,Henry St & Middagh St,40.7003,-73.991581,3790
3175,W 70 St & Amsterdam Ave,40.77748046,-73.98288594,3175
3226,W 82 St & Central Park West,40.78275,-73.97137,3226
3641,Broadway & W 25 St,40.74286877312112,-73.98918628692627,3641
3583,Eastern Pkwy & Washington Ave,40.6716493,-73.9631145,3583
495,W 47 St & 10 Ave,40.76269882,-73.99301222,495
3349,Grand Army Plaza & Plaza St West,40.6729679,-73.97087984,3349
3132,E 59 St & Madison Ave,40.76350532,-73.97109243,3132
3565,36 Ave & 10 St,40.7614376,-73.9411265,3565
402,Broadway & E 22 St,40.7403432,-73.98955109,402
448,W 37 St & 10 Ave,40.75660359,-73.9979009,448
480,W 53 St & 10 Ave,40.76669671,-73.99061728,480
380,W 4 St & 7 Ave S,40.73401143,-74.00293877,380
3456,Jackson St & Leonard St,40.71638031973561,-73.94821286201477,3456
268,Howard St & Centre St,40.71910537,-73.99973337,268
524,W 43 St & 6 Ave,40.75527307,-73.98316936,524
516,E 47 St & 1 Ave,40.75206862,-73.96784384,516
482,W 15 St & 7 Ave,40.73935542,-73.99931783,482
3256,Pier 40 - Hudson River Park,40.7277140777778,-74.01129573583603,3256
3606,49 Ave & 21 St,40.74252,-73.948852,3606
173,Broadway & W 49 St,40.76068327096592,-73.9845272898674,173
443,Bedford Ave & S 9 St,40.70853074,-73.96408963,443
3338,2 Ave & E 99 St,40.7862586,-73.94552579,3338
321,Cadman Plaza E & Red Cross Pl,40.69991755,-73.98971773,321
3554,Vernon Blvd & 41 Rd,40.7552433,-73.9485678,3554
239,Willoughby St & Fleet St,40.69196566,-73.9813018,239
291,Madison St & Montgomery St,40.713126,-73.984844,291
3339,Berkeley Pl & 6 Ave,40.6765304,-73.97846879,3339
3259,9 Ave & W 28 St,40.74937024193277,-73.99923384189606,3259
3336,E 97 St & Madison Ave,40.787801,-73.953559,3336
3085,Roebling St & N 4 St,40.71469,-73.95739,3085
462,W 22 St & 10 Ave,40.74691959,-74.00451887,462
3611,Vernon Blvd & 47 Rd,40.7449067,-73.9534573,3611
365,Fulton St & Grand Ave,40.68223166,-73.9614583,365
3298,Warren St & Court St,40.686371,-73.99383324,3298
161,LaGuardia Pl & W 3 St,40.72917025,-73.99810231,161
3558,Bergen St & Vanderbilt Ave,40.6794388,-73.9680438,3558
385,E 55 St & 2 Ave,40.75797322,-73.96603308,385
143,Clinton St & Joralemon St,40.69239502,-73.99337909,143
3056,Kosciuszko St & Nostrand Ave,40.69072549,-73.95133465,3056
3162,W 78 St & Broadway,40.78339981,-73.98093133,3162
3042,Fulton St & Utica Ave,40.6794268,-73.9298911,3042
315,South St & Gouverneur Ln,40.70355377,-74.00670227,315
3130,21 St & Queens Plaza North,40.75325964,-73.94335788,3130
3150,E 85 St & York Ave,40.77536905,-73.94803392,3150
353,S Portland Ave & Hanson Pl,40.68539567,-73.97431458,353
150,E 2 St & Avenue C,40.7208736,-73.98085795,150
500,Broadway & W 51 St,40.76228826,-73.98336183,500
274,Lafayette Ave & Fort Greene Pl,40.68691865,-73.976682,274
3649,W 129 St & Convent Ave,40.814394437915816,-73.95324736833572,3649
459,W 20 St & 11 Ave,40.746745,-74.007756,459
238,Bank St & Washington St,40.7361967,-74.00859207,238
3376,E 65 St & 2 Ave,40.76471851944339,-73.96222069859505,3376
3072,Leonard St & Boerum St,40.70583339,-73.94644578,3072
530,11 Ave & W 59 St,40.77149671054441,-73.99046033620834,530
3693,N 11 St & Kent Ave,40.72248188638219,-73.95921930670738,3693
325,E 19 St & 3 Ave,40.73624527,-73.98473765,325
361,Allen St & Hester St,40.71605866,-73.99190759,361
3292,5 Ave & E 93 St,40.7857851,-73.957481,3292
3172,W 74 St & Columbus Ave,40.7785669,-73.97754961,3172
485,W 37 St & 5 Ave,40.75038009,-73.98338988,485
2022,E 60 St & York Ave,40.759107,-73.959223,2022
3408,Congress St & Clinton St,40.6881529,-73.99520919,3408
3416,7 Ave & Park Pl,40.6776147,-73.97324283,3416
3778,Irving Ave & DeKalb Ave,40.7027,-73.92095,3778
3312,1 Ave & E 94 St,40.7817212,-73.94594,3312
3118,McGuinness Blvd & Eagle St,40.73555,-73.95284,3118
3453,Devoe St & Lorimer St,40.71335226222875,-73.9491033554077,3453
3396,Clinton St & 4 Place,40.6783563,-74.00014502,3396
391,Clark St & Henry St,40.69760127,-73.99344559,391
275,Washington Ave & Greene Ave,40.68650065,-73.96563307,275
3676,Van Brunt St & Van Dyke St,40.6758329439129,-74.01472628116608,3676
3155,Lexington Ave & E 63 St,40.76440023,-73.96648977,3155
3490,E 116 St & 2 Ave,40.796879,-73.937261,3490
3137,5 Ave & E 73 St,40.77282817,-73.96685276,3137
3673,Dean St & Franklin Ave,40.67759206937376,-73.955637216568,3673
3297,6 St & 7 Ave,40.6686627,-73.97988067,3297
2023,E 55 St & Lexington Ave,40.75968085,-73.97031366,2023
3662,31 Ave & Steinway St,40.761293897289086,-73.916916847229,3662
501,FDR Drive & E 35 St,40.744219,-73.97121214,501
3412,Pacific St & Nevins St,40.6853761,-73.98302136,3412
3055,Greene Ave & Nostrand Ave,40.6883337,-73.950916,3055
259,South St & Whitehall St,40.70122128,-74.01234218,259
484,W 44 St & 5 Ave,40.75500254,-73.98014437,484
3360,Amsterdam Ave & W 79 St,40.7829391,-73.9786517,3360
3760,Willoughby Ave & Wyckoff Ave,40.705614,-73.92153,3760
3762,3 Ave & Carroll St,40.677027,-73.9865,3762
3544,Underhill Ave & Pacific St,40.6804836,-73.9646795,3544
3761,Cedar St & Myrtle Ave,40.697842,-73.926241,3761
3521,Lenox Ave & W 111 St,40.7987859,-73.9523,3521
399,Lafayette Ave & St James Pl,40.68851534,-73.9647628,399
266,Avenue D & E 8 St,40.72368361,-73.97574813,266
3623,W 120 St & Claremont Ave,40.8109494,-73.9634,3623
3422,Columbia St & Degraw St,40.6859296,-74.00242364,3422
3502,Lexington Ave & E 111 St,40.7954121,-73.9441232,3502
303,Mercer St & Spring St,40.72362738,-73.99949601,303
3242,Schermerhorn St & Court St,40.69102925677968,-73.99183362722397,3242
473,Rivington St & Chrystie St,40.72110063,-73.9919254,473
3534,Frederick Douglass Blvd & W 117 St,40.805159,-73.954692,3534
3069,Lorimer St & Broadway,40.70411791,-73.94818595,3069
3342,Pioneer St & Richards St,40.6777748,-74.0094613,3342
3249,Verona Pl & Fulton St,40.6803560840434,-73.9476791024208,3249
72,W 52 St & 11 Ave,40.76727216,-73.99392888,72
3404,7 St & 5 Ave,40.6704922,-73.98541675,3404
408,Market St & Cherry St,40.71076228,-73.99400398,408
3110,Meserole Ave & Manhattan Ave,40.72708584,-73.95299117,3110
3286,E 89 St & 3 Ave,40.7806284,-73.9521667,3286
3041,Kingston Ave & Herkimer St,40.67890679,-73.94142771,3041
3165,Central Park West & W 72 St,40.77579376683666,-73.9762057363987,3165
3081,Graham Ave & Grand St,40.711863,-73.944024,3081
3619,Newtown Ave & 23 St,40.7713615,-73.9246145,3619
3592,Crescent St & Broadway,40.7633589,-73.9286471,3592
522,E 51 St & Lexington Ave,40.75714758,-73.97207836,522
3379,E 103 St & Lexington Ave,40.7903051,-73.94755757,3379
3775,Suydam St & Knickerbocker Ave,40.702013,-73.923769,3775
3505,Lexington Ave & E 127 St,40.805726,-73.936322,3505
3726,Center Blvd & 51 Ave,40.74336608027021,-73.95960688591003,3726
3327,3 Ave & E 100 St,40.7877214,-73.94728331,3327
3417,Baltic St & 5 Ave,40.6795766,-73.97854971,3417
344,Monroe St & Bedford Ave,40.6851443,-73.95380904,344
360,William St & Pine St,40.70717936,-74.00887308,360
3299,E 98 St & Park Ave,40.78813,-73.95206,3299
390,Duffield St & Willoughby St,40.69221589,-73.9842844,390
411,E 6 St & Avenue D,40.72228087,-73.97668709,411
3233,E 48 St & 5 Ave,40.75724567911726,-73.97805914282799,3233
3164,Columbus Ave & W 72 St,40.7770575,-73.97898475,3164
3526,31 St & 23 Ave,40.7747878,-73.9125551,3526
3307,West End Ave & W 94 St,40.7941654,-73.974124,3307
396,Lefferts Pl & Franklin Ave,40.680342423,-73.9557689392,396
3770,Central Ave & Flushing Ave,40.702831,-73.9333,3770
3374,Central Park North & Adam Clayton Powell Blvd,40.799484,-73.955613,3374
265,Stanton St & Chrystie St,40.72229346,-73.99147535,265
3313,6 Ave & 12 St,40.6663181,-73.9854617,3313
330,Reade St & Broadway,40.71450451,-74.00562789,330
327,Vesey Pl & River Terrace,40.7153379,-74.01658354,327
3630,Frederick Douglass Blvd & W 115 St,40.8038654,-73.9559308,3630
3562,Classon Ave & St Marks Ave,40.6765198,-73.9596082,3562
3723,Cadman Plaza E & Johnson St,40.69531727766904,-73.99015724658966,3723
3552,W 113 St & Broadway,40.805973,-73.964928,3552
2017,E 43 St & 2 Ave,40.75022392,-73.97121414,2017
508,W 46 St & 11 Ave,40.76341379,-73.99667444,508
146,Hudson St & Reade St,40.71625008,-74.0091059,146
3527,5 Ave & E 126 St,40.80698,-73.941747,3527
3377,Carroll St & Bond St,40.6786115,-73.99037292,3377
3303,Butler St & Court St,40.6849894,-73.99440329,3303
3223,E 55 St & 3 Ave,40.75899655960512,-73.96865397691727,3223
3545,Broadway & W 122 St,40.8120562,-73.9612547,3545
157,Henry St & Atlantic Ave,40.69089272,-73.99612349,157
3758,George St & Wilson Ave,40.702997,-73.92997,3758
3501,E 118 St & Madison Ave,40.8014866,-73.9442507,3501
3086,Graham Ave & Conselyea St,40.715143,-73.944507,3086
3587,Carroll St & Washington Ave,40.6686744,-73.9618148,3587
335,Washington Pl & Broadway,40.72903917,-73.99404649,335
216,Columbia Heights & Cranberry St,40.70037867,-73.99548059,216
3096,Union Ave & N 12 St,40.71924,-73.95242,3096
3050,Putnam Ave & Throop Ave,40.6851532,-73.94111,3050
377,6 Ave & Canal St,40.72243797,-74.00566443,377
3154,E 77 St & 3 Ave,40.77314236,-73.95856158,3154
3496,1 Ave & E 110 St,40.7923272,-73.9383,3496
3420,Douglass St & 3 Ave,40.6802133,-73.98432695,3420
3241,Monroe St & Tompkins Ave,40.686203,-73.944694,3241
119,Park Ave & St Edwards St,40.69608941,-73.97803415,119
3580,St Johns Pl & Washington Ave,40.6737236,-73.9631611,3580
3523,24 Ave & 29 St,40.7729,-73.916142,3523
418,Front St & Gold St,40.70224,-73.982578,418
496,E 16 St & 5 Ave,40.73726186,-73.99238967,496
397,Fulton St & Clermont Ave,40.68415748,-73.96922273,397
276,Duane St & Greenwich St,40.71748752,-74.0104554,276
3727,Frost St & Meeker Ave,40.71766197083994,-73.94880026578903,3727
421,Clermont Ave & Park Ave,40.69573398,-73.97129668,421
3765,Bushwick Ave & Stagg St,40.709897,-73.94008,3765
337,Old Slip & Front St,40.7037992,-74.00838676,337
3293,W 92 St & Broadway,40.7921,-73.9739,3293
3375,3 Ave & E 72 St,40.7699426,-73.96060712,3375
3615,44 Dr & 21 St,40.748,-73.9460927,3615
3121,Jackson Ave & 46 Rd,40.74524768,-73.94733276,3121
242,Carlton Ave & Flushing Ave,40.697787,-73.973736,242
313,Washington Ave & Park Ave,40.69610226,-73.96751037,313
373,Willoughby Ave & Walworth St,40.69331716,-73.95381995,373
3721,31 St & Newtown Ave,40.7675487799971,-73.9209334552288,3721
3283,W 89 St & Columbus Ave,40.7882213,-73.97041561,3283
3295,Central Park W & W 96 St,40.79127,-73.964839,3295
3443,W 52 St & 6 Ave,40.76132983124814,-73.97982001304626,3443
3459,E 53 St & 3 Ave,40.75763227739443,-73.96930575370789,3459
3384,Smith St & 3 St,40.6787242,-73.99599099,3384
3131,E 68 St & 3 Ave,40.76712840349542,-73.96224617958069,3131
3430,Richardson St & N Henry St,40.71907891179564,-73.94223690032959,3430
3308,Kane St & Clinton St,40.6861758,-73.99645295,3308
3367,5 Ave & E 103 St,40.7922553,-73.95249933,3367
3076,Scholes St & Manhattan Ave,40.70870368,-73.9448625,3076
3066,Tompkins Ave & Hopkins St,40.69957608,-73.94708417,3066
3497,Pleasant Ave & E 116 St,40.7949879,-73.9333349,3497
3589,Broadway & 12 St,40.7668,-73.9347774,3589
3372,E 74 St & 1 Ave,40.7689738,-73.95482273,3372
3049,Cambridge Pl & Gates Ave,40.68488,-73.96304,3049
3593,31 St & Broadway,40.761584,-73.925921,3593
3391,E 106 St & 1 Ave,40.7892529,-73.93956237,3391
3759,Irving Ave & Jefferson St,40.70538,-73.92535,3759
3168,Central Park West & W 85 St,40.78472675,-73.96961715,3168
3520,Adam Clayton Powell Blvd & W 118 St,40.804372,-73.951475,3520
3328,W 100 St & Manhattan Ave,40.795,-73.9645,3328
3425,2 Ave & E 104 St,40.7892105,-73.94370784,3425
393,E 5 St & Avenue C,40.72299208,-73.97995466,393
3777,Stockholm St & Wilson Ave,40.699304,-73.923044,3777
3603,31 Ave & 30 St,40.7647,-73.9240312,3603
3100,Nassau Ave & Newell St,40.724812564400175,-73.94752621650696,3100
427,Bus Slip & State St,40.701907,-74.013942,427
415,Pearl St & Hanover Square,40.7047177,-74.00926027,415
3566,Crescent St & 35 Ave,40.7596276,-73.9321455,3566
3179,Park Ave & Marcus Garvey Blvd,40.698617,-73.941342,3179
247,Perry St & Bleecker St,40.73535398,-74.00483091,247
386,Centre St & Worth St,40.71494807,-74.00234482,386
3357,W 106 St & Amsterdam Ave,40.8008363,-73.9664492472,3357
3134,3 Ave & E 62 St,40.76312584,-73.96526895,3134
3343,W 107 St & Columbus Ave,40.7997568,-73.9621128676,3343
2009,Catherine St & Monroe St,40.71117444,-73.99682619,2009
349,Rivington St & Ridge St,40.71850211,-73.98329859,349
420,Clermont Ave & Lafayette Ave,40.68764484,-73.96968902,420
339,Avenue D & E 12 St,40.72580614,-73.97422494,339
3525,23 Ave & 27 St,40.776165,-73.9153175,3525
3048,Putnam Ave & Nostrand Ave,40.68402,-73.94977,3048
3546,Pacific St & Classon Ave,40.6791944,-73.9587903,3546
3135,E 75 St & 3 Ave,40.77112927,-73.95772297,3135
3768,Waterbury St & Stagg St,40.71019,-73.93734,3768
260,Broad St & Bridge St,40.70365182,-74.01167797,260
3075,Division Ave & Marcy Ave,40.70708701,-73.95796783,3075
3776,Central Ave & Starr Street,40.700003,-73.92834,3776
3579,Sterling Pl & Bedford Ave,40.672695,-73.954131,3579
3757,Stagg St & Morgan Ave,40.710681,-73.93372,3757
3173,Riverside Blvd & W 67 St,40.777507027547976,-73.98888587951659,3173
317,E 6 St & Avenue B,40.72453734,-73.98185424,317
416,Cumberland St & Lafayette Ave,40.68753406,-73.97265183,416
3365,3 St & 7 Ave,40.6703837,-73.97839676,3365
3500,E 115 St & Madison Ave,40.7989445,-73.944846,3500
3691,28 Ave & 44 St,40.76408932350688,-73.91065120697021,3691
3449,Eckford St & Engert Ave,40.72146256229816,-73.94800901412964,3449
3057,Kosciuszko St & Tompkins Ave,40.69128258,-73.9452416,3057
3536,W 116 St & Broadway,40.8082,-73.9641,3536
417,Barclay St & Church St,40.71291224,-74.01020234,417
3382,Carroll St & Smith St,40.680611,-73.99475825,3382
3388,President St & Henry St,40.6828003,-73.99990419,3388
120,Lexington Ave & Classon Ave,40.68676793,-73.95928168,120
3605,31 Ave & Crescent St,40.7658346,-73.9265474,3605
3359,E 68 St & Madison Ave,40.7691572,-73.96703464,3359
3538,W 110 St & Amsterdam Ave,40.802692,-73.96295,3538
3551,3 Ave & E 112 St,40.795508,-73.941606,3551
3350,W 100 St & Broadway,40.7973721,-73.97041192,3350
350,Clinton St & Grand St,40.71559509,-73.9870295,350
3712,W 35 St & Dyer Ave,40.754691750226016,-73.99740189313889,3712
414,Pearl St & Anchorage Pl,40.70281858,-73.98765762,414
3156,E 72 St & York Ave,40.76663814,-73.95348296,3156
3613,Center Blvd & 48 Ave,40.745038,-73.957539,3613
3764,Bushwick Ave & McKibbin St,40.705517,-73.93936,3764
324,DeKalb Ave & Hudson Ave,40.689888,-73.981013,324
3363,E 102 St & Park Ave,40.7904828,-73.95033068,3363
3769,White St & Johnson Ave,40.707174,-73.93581,3769
3597,43 St & Broadway,40.7577284,-73.9166368,3597
3323,W 106 St & Central Park West,40.7981856,-73.9605909006,3323
392,Jay St & Tech Pl,40.695065,-73.987167,392
310,State St & Smith St,40.68926942,-73.98912867,310
3724,7 Ave & Central Park South,40.7667405590595,-73.9790689945221,3724
3060,Willoughby Ave & Tompkins Ave,40.69425403,-73.94626915,3060
3612,30 Ave & 21 St,40.7703743,-73.9286078,3612
3585,Union St & Bedford Ave,40.6691783,-73.9554162,3585
298,3 Ave & Schermerhorn St,40.68683208,-73.9796772,298
3647,48 Ave & 30 Pl,40.74128309355993,-73.93725872039794,3647
3522,37 St & 24 Ave,40.7701477,-73.9120938,3522
3052,Lewis Ave & Madison St,40.686312,-73.935775,3052
419,Carlton Ave & Park Ave,40.69580705,-73.97355569,419
3616,Steinway St & 28 Ave,40.7656251,-73.9136695,3616
3531,Frederick Douglass Blvd & W 129 St,40.8125511,-73.9492286,3531
3061,Throop Ave & Myrtle Ave,40.69622937,-73.94371094,3061
3596,Sullivan Pl & Bedford Ave,40.6642406,-73.9574686,3596
356,Bialystoker Pl & Delancey St,40.71622644,-73.98261206,356
3368,5 Ave & 3 St,40.6728155,-73.98352355,3368
3540,Morningside Ave & W 123 St,40.81,-73.9551508,3540
3424,E 106 St & Lexington Ave,40.791976,-73.945993,3424
3767,Powers St & Olive St,40.71323,-73.93894,3767
3492,E 118 St & Park Ave,40.8005385,-73.9419949,3492
3499,2 Ave & E 122 St,40.8006721,-73.9349,3499
264,Maiden Ln & Pearl St,40.70706456,-74.00731853,264
3567,11 St & 35 Ave,40.7627442,-73.9391141,3567
456,E 53 St & Madison Ave,40.7597108,-73.97402311,456
3378,E 76 St & Park Ave,40.773763,-73.96222088,3378
282,Kent Ave & S 11 St,40.707644944175705,-73.96841526031494,282
3143,5 Ave & E 78 St,40.77632142182271,-73.96427392959595,3143
3547,Broadway & Moylan Pl,40.8143256,-73.9590255,3547
343,Clinton Ave & Flushing Ave,40.69794,-73.96986848,343
3582,Lincoln Pl & Classon Ave,40.6721683,-73.9609,3582
3231,E 67 St & Park Ave,40.76780080148132,-73.96592080593109,3231
3294,E 91 St & Park Ave,40.7835016,-73.955327,3294
3332,Degraw St & Hoyt St,40.68199044270703,-73.99079024791718,3332
3300,Prospect Park West & 8 St,40.66514681533792,-73.97637605667114,3300
3169,Riverside Dr & W 82 St,40.78720869,-73.98128127,3169
3386,1 Pl & Clinton St,40.6809591,-73.99905709,3386
3315,Henry St & Degraw St,40.6847514,-73.99917254,3315
3310,14 St & 7 Ave,40.663779,-73.98396846,3310
258,DeKalb Ave & Vanderbilt Ave,40.68940747,-73.96885458,258
3557,40 Ave & 9 St,40.75742,-73.945133,3557
3170,W 84 St & Columbus Ave,40.78499979,-73.97283406,3170
3043,Lewis Ave & Decatur St,40.6814598,-73.934903,3043
398,Atlantic Ave & Furman St,40.69165183,-73.9999786,398
278,Concord St & Bridge St,40.69766564,-73.98476437,278
3361,Carroll St & 6 Ave,40.6740886,-73.9787282,3361
3535,Mt Morris Park W & W 120 St,40.804038,-73.945925,3535
3071,Boerum St & Broadway,40.70538077,-73.94976519,3071
3604,Rogers Ave & Sterling St,40.6630619,-73.9538746,3604
3498,Pleasant Ave & E 120 St,40.7974772,-73.9311847,3498
3161,W 76 St & Columbus Ave,40.7801839724239,-73.97728532552719,3161
3311,Columbia St & Kane St,40.68763155,-74.0016256,3311
3716,40 Ave & Crescent St,40.7535992020056,-73.93795609474182,3716
3415,Prospect Pl & 6 Ave,40.6793307,-73.97519523,3415
3414,Bergen St & Flatbush Ave,40.680944723477296,-73.97567331790923,3414
3166,Riverside Dr & W 72 St,40.78057799010334,-73.98562431335449,3166
3578,Park Pl & Franklin Ave,40.6741806,-73.9564947,3578
376,John St & William St,40.70862144,-74.00722156,376
520,W 52 St & 5 Ave,40.75992262,-73.97648516,520
3413,Wyckoff St & 3 Ave,40.6827549,-73.98258555,3413
144,Nassau St & Navy St,40.69839895,-73.98068914,144
3302,Columbus Ave & W 103 St,40.7969347,-73.9643412291,3302
3145,E 84 St & Park Ave,40.77862688,-73.95772073,3145
3614,Crescent St & 30 Ave,40.768692,-73.9249574,3614
3621,27 Ave & 9 St,40.7739825,-73.9309134,3621
3235,E 41 St & Madison Ave,40.752165280621966,-73.97992193698882,3235
3610,Vernon Blvd & 30 Rd,40.770845,-73.934171,3610
3622,E 128 St & Madison Ave,40.80756,-73.939182,3622
262,Washington Park,40.6917823,-73.9737299,262
3144,E 81 St & Park Ave,40.77677702,-73.9590097,3144
3599,Franklin Ave & Empire Blvd,40.66314,-73.9605695,3599
3373,3 St & 3 Ave,40.6750705,-73.98775226,3373
533,Broadway & W 38 St,40.75299641,-73.98721619,533
3513,21 St & Hoyt Ave S,40.774645,-73.923706,3513
3595,35 St & Broadway,40.760339,-73.9222427,3595
3369,E 82 St & East End Ave,40.7724607,-73.9468208,3369
249,Harrison St & Hudson St,40.71870987,-74.0090009,249
3393,Richards St & Delavan St,40.6794327,-74.00785041,3393
3543,Morningside Dr & Amsterdam Ave,40.81028506306003,-73.95736455917358,3543
3434,W 88 St & West End Ave,40.79025417330419,-73.97718340158461,3434
3588,Vernon Blvd & 10 St,40.7671863,-73.9373554,3588
3437,Riverside Dr & W 91 St,40.79313480986663,-73.97700369358063,3437
3390,E 109 St & 3 Ave,40.79329668,-73.9432083,3390
3381,3 St & Hoyt St,40.6777287,-73.99364123,3381
3563,28 St & 36 Ave,40.757186,-73.932719,3563
3109,Banker St & Meserole Ave,40.72606,-73.95621,3109
3609,Vernon Blvd & 31 Ave,40.7692475,-73.9354504,3609
3317,10 St & 5 Ave,40.6686273,-73.98700053,3317
3441,10 Hudson Yards,40.752957,-74.00264,3441
3389,Carroll St & Columbia St,40.6830456,-74.00348559,3389
82,St James Pl & Pearl St,40.71117416,-74.00016545,82
3321,Clinton St & Union St,40.6831164,-73.99785267,3321
3755,DeKalb Ave & Franklin Ave,40.69064807082943,-73.95746178925037,3755
3289,W 90 St & Amsterdam Ave,40.79017948095081,-73.97288918495178,3289
3348,Coffey St & Conover St,40.677236,-74.015665,3348
3452,Bayard St & Leonard St,40.71915571696044,-73.94885390996933,3452
3354,3 St & Prospect Park West,40.668132,-73.97363831,3354
3661,Montgomery St & Franklin Ave,40.666439306870814,-73.9605563879013,3661
3324,3 Ave & 14 St,40.6685455,-73.99333264,3324
3648,Flushing Ave & Vanderbilt Ave,40.69795031569544,-73.97077560424805,3648
3720,Wyckoff St & Bond St,40.68461653897949,-73.98721285164356,3720
3053,Marcy Ave & Lafayette Ave,40.6900815,-73.947915,3053
3355,E 66 St & Madison Ave,40.76800889305947,-73.96845281124115,3355
3116,Huron St & Franklin St,40.73266,-73.95826,3116
3577,34 Ave & 21 St,40.7628138,-73.9342862,3577
3608,5 St & 51 Ave,40.7423737,-73.9566,3608
3469,India St & West St,40.73181401720966,-73.95995020866394,3469
3067,Broadway & Whipple St,40.7016657,-73.9437303,3067
3586,34 Ave & 13 St,40.7638753,-73.9364848,3586
3410,Dean St & Hoyt St,40.6864442,-73.98759104,3410
3515,24 Ave & 26 St,40.774591,-73.918544,3515
3074,Montrose Ave & Bushwick Ave,40.70767788,-73.94016171,3074
3575,Crescent St & 34 Ave,40.76108,-73.930562,3575
3062,Myrtle Ave & Marcy Ave,40.69539817,-73.94954908,3062
354,Emerson Pl & Myrtle Ave,40.69363137,-73.96223558,354
3530,Crescent St & Ditmars Blvd,40.7787185,-73.9145645,3530
3629,Adam Clayton Powell Blvd & W 126 St,40.80949534777948,-73.94776493310928,3629
3403,4 Ave & 9 St,40.6705135,-73.98876585,3403
3646,35 Ave & 10 St,40.76315481910373,-73.93985509872437,3646
3063,Nostrand Ave & Myrtle Ave,40.69527008,-73.95238108,3063
3590,Carroll St & Franklin Ave,40.6679411,-73.9588,3590
332,Cherry St,40.71219906,-73.97948148,332
3571,Bedford Ave & Bergen St,40.676368,-73.952918,3571
3607,31 Ave & 14 St,40.7682,-73.9322662,3607
3152,3 Ave & E 71 St,40.76873687,-73.96119945,3152
3477,39 St & 2 Ave - Citi Bike HQ at Industry City,40.65539977447831,-74.01062786579132,3477
3539,W 116 St & Amsterdam Ave,40.8067581,-73.9607082,3539
3322,12 St & 4 Ave,40.668603,-73.9904394,3322
3320,Central Park West & W 100 St,40.79406660818552,-73.96286845207214,3320
3405,5 St & 6 Ave,40.6704836,-73.98208968,3405
437,Macon St & Nostrand Ave,40.6809833854,-73.9500479759,437
3352,Sigourney St & Columbia St,40.67267243410948,-74.0087952464819,3352
3654,31 St & Northern Blvd,40.75186951421875,-73.93349289894103,3654
3070,McKibbin St & Manhattan Ave,40.70510918,-73.94407279,3070
3326,Clinton St & Centre St,40.67434,-74.00194698,3326
3397,Court St & Nelson St,40.6763947,-73.99869893,3397
3347,Van Brunt St & Wolcott St,40.6773429,-74.01275056,3347
3127,9 St & 44 Rd,40.74966,-73.9521,3127
3542,Amsterdam Ave & W 119 St,40.8086249,-73.9596214,3542
3617,28 Ave & 35 St,40.7671,-73.9169858,3617
3766,Sharon St & Olive St,40.715353,-73.93856,3766
3122,48 Ave & 5 St,40.74436328706688,-73.9558732509613,3122
3524,19 St & 24 Ave,40.7774552,-73.9225403,3524
3773,Knickerbocker Ave & Thames St,40.70539,-73.92976,3773
3059,Pulaski St & Marcus Garvey Blvd,40.6933982,-73.939877,3059
3136,5 Ave & E 63 St,40.766368,-73.971518,3136
3514,Astoria Park S & Shore Blvd,40.7767,-73.927631,3514
3395,Henry St & W 9 St,40.6763744,-74.00324957,3395
3157,East End Ave & E 86 St,40.77518615,-73.94446054,3157
3296,E 93 St & 2 Ave,40.782454175279874,-73.9489196240902,3296
3516,31 St & Astoria Blvd,40.7699176,-73.9184057,3516
3620,11 St & 43 Ave,40.7519071,-73.9479119,3620
3504,E 123 St & Lexington Ave,40.8029263,-73.9379,3504
3123,31 St & Thomson Ave,40.74469738,-73.93540375,3123
3065,Union Ave & Wallabout St,40.70029511,-73.95032283,3065
3631,Crown St & Bedford Ave,40.666563,-73.956741,3631
3392,Commerce St & Van Brunt St,40.6812117,-74.00860912,3392
3254,Soissons Landing,40.69231660719192,-74.01486575603485,3254
3182,Yankee Ferry Terminal,40.686931,-74.016966,3182
3528,Steinway St & 23 Ave,40.7713937,-73.9077436,3528
3330,Henry St & Bay St,40.6725058,-74.00494695,3330
3221,47 Ave & 31 St,40.743,-73.93561,3221
3128,21 St & 43 Ave,40.75052534,-73.94594845,3128
3478,2 Ave & 36 St - Citi Bike HQ at Industry City,40.65708866668485,-74.00870203971863,3478
3340,Wolcott St & Dwight St,40.6753274,-74.0100698,3340
3479,Picnic Point,40.68512559515415,-74.02535319328308,3479
3432,NYCBS Depot - GOW,40.66906013501107,-73.99463653564453,3432
3573,35 St & 34 Ave,40.7580583,-73.9242751,3573
3564,21 St & 36 Ave,40.7601853,-73.9362726,3564
3787,Dock 72 Way & Market St,40.69985,-73.97141,3787
3512,27 Ave & 4 St,40.7747175,-73.9337894,3512
3337,Dwight St & Van Dyke St,40.67363551341504,-74.01195555925369,3337
3774,Knickerbocker Ave & George St,40.704425,-73.92836,3774
3704,47 Ave & Skillman Ave,40.7437524099784,-73.94176483154297,3704
3044,Albany Ave & Fulton St,40.6800105,-73.938475,3044
3559,21 St & 38 Ave,40.7576314,-73.9391224,3559
3692,5 St & Market St,40.6999974843885,-73.97440128028393,3692
3333,Columbia St & Lorraine St,40.6747055,-74.0075572,3333
2005,Railroad Ave & Kay Ave,40.70531194,-73.97100056,2005
116,W 17 St & 8 Ave,40.74177603,-74.00149746,116
3782,Brooklyn Bridge Park - Pier 2,40.698458,-73.997178,3782
3779,Hart St & Wyckoff Ave,40.704876,-73.919911,3779
434,9 Ave & W 18 St,40.74317449,-74.00366443,434
3245,NYCBS DEPOT - DELANCEY,40.71644423134479,-73.9823305606842,3245
363,West Thames St,40.70834698,-74.01713445,363
3709,W 15 St & 6 Ave,40.738046142482766,-73.99642959237099,3709
3783,Cliff St & Fulton St,40.70838,-74.00495,3783
435,W 21 St & 6 Ave,40.74173969,-73.99415556,435
3795,10 St & 2 Ave,40.671907,-73.993612,3795
3793,Stuyvesant Walk & 1 Av Loop,40.732339777151054,-73.97898383438587,3793
468,Broadway & W 56 St,40.7652654,-73.98192338,468
489,10 Ave & W 28 St,40.75066386,-74.00176802,489
367,E 53 St & Lexington Ave,40.75828065,-73.97069431,367
3812,University Pl & E 14 St,40.734814,-73.992085,3812
3899,Manhattan Av & Leonard St,40.72084,-73.94844,3899
250,Lafayette St & Jersey St,40.72456089,-73.99565293,250
3831,Broadway & Hancock St,40.68663,-73.9168,3831
2010,Grand St & Greene St,40.72170005235607,-74.00238141417502,2010
3798,W 40 St & 5 Ave,40.752269,-73.982079,3798
3887,Flushing Ave & Woodward Ave,40.71246,-73.91873,3887
505,6 Ave & W 33 St,40.74901271,-73.98848395,505
3932,Grand Concourse & E 144 St,40.816576,-73.927987,3932
3246,Montague St & Clinton St,40.694281141397326,-73.99230033159256,3246
3898,E 63 St & 3 Ave,40.763954,-73.9646,3898
3740,W Broadway & W Houston St,40.726378,-74.000472,3740
3926,5 Ave & W 131 St,40.81014,-73.93973,3926
3799,6 Ave & W 34 St,40.74964,-73.98805,3799
3744,1 Ave & E 5 St,40.725864,-73.986389,3744
3804,Front St & Jay St,40.702461,-73.986842,3804
3852,Stewart Ave & Johnson Ave,40.70869,-73.92587,3852
3837,Broadway & Kosciuszko St,40.69329,-73.92852,3837
3738,Delancey St & Eldridge St,40.719383,-73.991479,3738
3893,Rockaway Ave & Bainbridge St,40.68319988172761,-73.91166642308235,3893
3920,E 132 St & Madison Ave,40.810224,-73.937195,3920
3838,Bushwick Ave & Harman St,40.69356,-73.92524,3838
3836,Bushwick Ave & Linden St,40.69146,-73.92146,3836
4016,Adam Clayton Powell Blvd & W 130 St,40.812346,-73.946168,4016
3814,E 56 St & Madison Ave,40.761573,-73.972628,3814
3883,Harman St & Seneca Ave,40.70577,-73.91292,3883
3905,4 Ave & E 12 St,40.732647,-73.99011,3905
3924,Lincoln Ave & E 138 St,40.810893,-73.927311,3924
3906,West St & Liberty St,40.711444,-74.014847,3906
3736,E 12 St & Ave C,40.727243,-73.976831,3736
3993,W 59 St & West End Ave,40.771771,-73.990625,3993
3868,Knickerbocker Ave & Halsey St,40.693,-73.90824,3868
3931,Morris Ave & E 142 St,40.814469,-73.924963,3931
3875,Stephen St & Seneca Ave,40.6988,-73.9007,3875
3918,Avenue D & E 8 St,40.72387,-73.975767,3918
3874,Menahan St & Seneca Ave,40.70461,-73.91054,3874
3864,Central Ave & Covert St,40.68929,-73.90951,3864
3986,E 149 St & Morris Ave,40.81734,-73.922962,3986
3739,Perry St & Greenwich Ave,40.735918,-74.000939,3739
3325,E 95 St & 3 Ave,40.7849032,-73.950503,3325
3845,Irving Ave & Harman St,40.70108,-73.9179,3845
3832,Central Ave & Weirfield St,40.69055,-73.91181,3832
3421,Hoyt St & Warren St,40.6843549,-73.98901629,3421
3816,Metropolitan Ave & Vandervoort Ave,40.71429,-73.93323,3816
3891,Irving Ave & Palmetto St,40.698,-73.9127,3891
3996,Lexington Ave & E 128 St,40.806414,-73.936085,3996
3961,Morris Ave & E 153 St,40.820036,-73.921411,3961
3785,W 42 St & 6 Ave,40.75492,-73.98455,3785
3850,Jefferson St & Cypress Ave,40.70907,-73.92157,3850
3863,Central Ave & Woodbine St,40.69296,-73.91605,3863
3820,Willoughby Ave & Myrtle Ave,40.69757,-73.93098,3820
3910,Greene Ave & Grandview Ave,40.709697,-73.907856,3910
3844,Myrtle Ave & Linden St,40.69943,-73.91337,3844
3946,St Nicholas Ave & W 137 St,40.818477,-73.947568,3946
3998,W 135 St & Lenox Terrace Pl,40.813619,-73.939336,3998
3919,Wall St & South St,40.70437,-74.00637,3919
3861,Menahan St & Wyckoff Ave,40.70113,-73.91422,3861
3819,Green St & McGuinness Blvd,40.73396,-73.95204,3819
3829,Central Ave & Decatur St,40.6882,-73.90798,3829
3886,Menahan St & Onderdonk Ave,40.70553,-73.9096,3886
3600,31 Ave & Steinway St,40.7611488,-73.9170071,3600
3803,Bedford Ave & Montgomery St,40.665816,-73.956934,3803
3881,12 Ave & W 125 St,40.818299,-73.960405,3881
3780,Wyckoff Av & Stanhope St,40.703545,-73.917775,3780
4017,E 138 St & 5 Av,40.81449,-73.936153,4017
3901,Stanhope St & Fairview Ave,40.70998,-73.91116,3901
3809,W 55 St & 6 Ave,40.763189,-73.978434,3809
3995,5 Ave & E 135 St,40.812191,-73.937838,3995
3896,Madison St & Seneca Ave,40.70183,-73.90625,3896
3147,E 85 St & 3 Ave,40.77801203,-73.95407149,3147
3903,Jefferson Ave & Evergreen Ave,40.68989,-73.91458,3903
3885,Onderdonk Ave & Gates Ave,40.70413,-73.90737,3885
3858,Kent St & McGuinness Blvd,40.73124,-73.95161,3858
3846,Central Ave & Himrod St,40.69676,-73.92302,3846
3994,2 Ave & E 125 St,40.802554,-73.933509,3994
3992,W 169 St & Fort Washington Ave,40.8428422,-73.9421253,3992
3287,W 87 St & West End Ave,40.789622,-73.97757,3287
3817,Withers St & Kingsland Ave,40.71773,-73.94051,3817
509,9 Ave & W 22 St,40.7454973,-74.00197139,509
3789,Fulton St & Irving Pl,40.68186,-73.959432,3789
3958,Willis Ave & E 143 St,40.812299,-73.92037,3958
3892,38 Ave & 29 St,40.75473,-73.93367,3892
3835,Knickerbocker Ave & Hancock St,40.69385,-73.90974,3835
3916,Pearl St & Peck Slip,40.708485,-74.002751,3916
267,Broadway & W 36 St,40.75097711,-73.98765428,267
3888,Woodward Ave & Harman St,40.70793,-73.91092,3888
3825,Broadway & Furman Ave,40.68139,-73.90756,3825
3937,E 135 St & St Ann's Ave,40.805089,-73.918889,3937
3856,Kingsland Ave & Nassau Ave,40.72577,-73.94173,3856
3821,Evergreen Ave & Noll St,40.70106,-73.93318,3821
3939,Willow Ave & E 133 St,40.800933,-73.913863,3939
3815,E 51 St & 2 Ave,40.755293,-73.967641,3815
3902,Fairview Ave & Linden St,40.70694,-73.90632,3902
3786,Division St & Bowery,40.714193,-73.996732,3786
3457,E 58 St & Madison Ave,40.76302594280519,-73.97209525108337,3457
3860,Wilson Ave & Troutman St,40.70166,-73.92754,3860
3735,W 30 St & 10 Ave,40.752694,-74.002353,3735
3944,Convent Ave & W 135 St,40.818215,-73.950988,3944
464,E 56 St & 3 Ave,40.75934501,-73.96759673,464
3882,Norman St & Wyckoff Ave,40.69517,-73.90311,3882
3823,Beaver St & Fayette St,40.70099,-73.93921,3823
3945,Amsterdam Ave & W 136 St,40.819746,-73.951819,3945
3834,Irving Ave & Halsey St,40.69467,-73.90663,3834
3921,Willis Ave & Bruckner Blvd,40.805701,-73.925177,3921
3808,24 St & 41 Ave,40.752474,-73.939991,3808
3848,Suydam St & Broadway,40.69544,-73.93223,3848
3873,Madison St & Cypress Ave,40.70068,-73.90742,3873
3870,Melrose St & Broadway,40.697481,-73.935877,3870
3859,Lorimer St & Calyer St,40.72795,-73.95414,3859
3857,Engert Ave & McGuinness Blvd,40.72158,-73.94546,3857
3842,Bushwick Ave & Dekalb Ave,40.69502,-73.92825,3842
3877,Madison St & Forest Ave,40.70555,-73.90245,3877
3900,Morgan Ave & Lombardy St,40.72226,-73.93889,3900
3897,Onderdonk Ave & Dekalb Ave,40.70863,-73.91497,3897
3822,Bushwick Ave & Forrest St,40.70076,-73.93641,3822
3913,Sands St Gate,40.699569,-73.979827,3913
3917,Willoughby St & Ashland Pl,40.69178,-73.97877,3917
3879,Broadway & Madison St,40.68822,-73.91966,3879
3929,Willis Ave & E 141 St,40.81093,-73.921606,3929
3818,Calyer St & Jewel St,40.72984,-73.94839,3818
3827,Halsey St & Broadway,40.68565,-73.91564,3827
3867,Somers St & Broadway,40.67945,-73.90474,3867
3890,Grove St & Broadway,40.69047,-73.923511,3890
3869,Van Buren St & Broadway,40.692,-73.92617,3869
3811,27 Ave & 3 St,40.77485,-73.9342,3811
3865,Knickerbocker Ave & Cooper St,40.69081,-73.90448,3865
3855,Frost St & Debevoise Ave,40.71882,-73.93948,3855
3895,Cypress Ave & Palmetto St,40.70157340873792,-73.90876293182373,3895
3830,Halsey St & Evergreen Ave,40.68858,-73.91227,3830
3731,W 47 St & 6 Ave,40.758397,-73.98255,3731
3914,West End Ave & W 78 St,40.783786,-73.981687,3914
3911,Wyckoff St & Nevins St,40.683426,-73.984275,3911
3854,Morgan Ave & Maspeth Ave,40.716657,-73.93637,3854
3824,Van Sinderen Ave & Truxton St,40.6786,-73.90369,3824
4021,E 138 St & Grand Concourse,40.813224,-73.930605,4021
3907,Central Ave & Melrose St,40.70112,-73.93039,3907
3833,Madison St & Evergreen Ave,40.69122,-73.91693,3833
3872,Hancock St & Wyckoff Ave,40.6972,-73.90674,3872
3828,Eldert St & Bushwick Ave,40.68652,-73.91321,3828
3876,Forest Ave & Summerfield St,40.69922,-73.89795,3876
3923,Lincoln Ave & E 134 St,40.808484,-73.928803,3923
3935,Amsterdam Ave & W 131 St,40.816355,-73.954295,3935
3839,Putnam Ave & Knickerbocker Ave,40.69545,-73.91164,3839
3871,Bushwick Ave & Furman Ave,40.68281,-73.90623,3871
3862,Linden St & Knickerbocker Ave,40.69714,-73.91566,3862
3884,Centre St & Seneca Ave,40.69969,-73.9022,3884
3840,Putnam Ave & Wyckoff Ave,40.69811,-73.90904,3840
3956,St. Ann's Ave & E 144 St,40.811112,-73.914932,3956
3909,Madison St & Woodward Ave,40.70408,-73.90408,3909
3989,Willis Ave & E 137 St,40.808384,-73.923604,3989
3841,Menahan St & Central Ave,40.69543,-73.9196,3841
3957,E 144 St & Brook Ave,40.811675,-73.917037,3957
3843,Myrtle Ave & Grove St,40.69905,-73.91516,3843
3866,Wilson Ave & Moffat St,40.68906,-73.90506,3866
3847,Cedar St & Evergreen Ave,40.69671,-73.92807,3847
4019,St. Ann's Av & Bruckner Blvd,40.803399,-73.919763,4019
3853,Harrison Pl & Porter Ave,40.70686,-73.92851,3853
3851,Metropolitan Ave & Stewart Ave,40.71401,-73.92793,3851
3955,St Mary's St & Jackson Ave,40.808891,-73.91081,3955
3880,Willoughby Ave & Onderdonk Ave,40.7098,-73.91727,3880
3947,E 138 St & Willow Ave,40.804168,-73.911545,3947
3950,Brook Ave & E 141 St,40.809619,-73.917875,3950
3849,Suydam St & St. Nicholas Ave,40.70636,-73.91945,3849
3826,Moffat St & Bushwick,40.68458,-73.90925,3826
3940,E 134 St & Walnut Ave,40.800425,-73.911034,3940
3938,E 133 St & Cypress Pl,40.80262,-73.9174,3938
3941,Walnut Ave & E 136 St,40.801657,-73.909513,3941
3878,Cypress Ave & George St,40.69812,-73.90271,3878
3988,E 128 St & 3 Ave,40.805631,-73.934077,3988
4020,Bradhurst Ave & W 148 St,40.825125,-73.941616,4020
4000,Lenox Ave & W 144 St,40.819783,-73.936521,4000
4007,Riverside Dr & W 138 St,40.823168,-73.955857,4007
3967,W 146 St & Broadway,40.826969,-73.949738,3967
4009,Riverside Dr & W 145 St,40.827305,-73.951989,4009
4010,W 145 St & Amsterdam Ave,40.825244,-73.947257,4010
3987,E 149 St & Jackson Ave,40.813135,-73.909235,3987
3965,E 149 St & Eagle Ave,40.814046,-73.91186,3965
3963,Melrose Ave & E 150 St,40.816827,-73.917338,3963
4002,W 144 St & Adam Clayton Powell Blvd,40.820877,-73.939249,4002
4023,Adam Clayton Powell Blvd & W 141 St,40.819241,-73.941057,4023
3934,St Nicholas Ave & E 134 St,40.816234,-73.948222,3934
3997,5 Av & W 139 St,40.815484,-73.935856,3997
3930,E 142 St & 3 Ave,40.812735,-73.923697,3930
3936,W 133 St & 12 Ave,40.820003,-73.959089,3936
3925,E 138 St & Canal St W,40.812304,-73.929153,3925
3948,E 138 St & Cypress Ave,40.805559,-73.914718,3948
3927,Lenox Ave & W 133 St,40.81296,-73.941878,3927
3928,Adam Clayton Powell Blvd & W 132 St,40.813539,-73.94521,3928
3954,Southern Blvd & E 142 St,40.807258,-73.907999,3954
3949,Brook Ave & E 138 St,40.807408,-73.91924,3949
4004,Edgecombe Ave & W 141 St,40.820681,-73.945144,4004
3951,E 141 St & St Ann's Ave,40.808633,-73.916124,3951
4005,St. Nicholas Terrace & Convent Ave,40.821294,-73.947868,4005
3952,E 141 St & Jackson Ave,40.806896,-73.911837,3952
4006,E 147 St & Bergen Ave,40.814673,-73.91839,4006
4036,Motorgate,40.7639089,-73.9477213,4036
4037,Roosevelt Island Tramway,40.757284,-73.9536,4037
4038,Southpoint Park,40.75370225419114,-73.95865201950072,4038
3960,Hamilton Pl & W 140 St,40.822756,-73.951346,3960
4012,W 148 St & Amsterdam Ave,40.827075,-73.945909,4012
3959,Edgecombe Ave & W 145 St,40.823498,-73.94386,3959
3968,Propsect Ave & E 151 St,40.814232,-73.903927,3968
3966,Wales Ave & E 147 St,40.811314,-73.907729,3966
4011,Westchester Ave & Jackson Ave,40.816124,-73.908116,4011
3638,Washington St,40.7242941,-74.0354826,3638
3040,Handlebar @ Gowanus,40.66979964220026,-73.99497985839844,3040
3791,Hoboken Ave at Monmouth St,40.73520838045357,-74.04696375131607,3791
3198,Heights Elevator,40.74871594538023,-74.04044330120087,3198
3426,JCBS Depot,40.70965083364061,-74.06860113143921,3426
3213,Van Vorst Park,40.71848892,-74.047726625,3213
3185,City Hall,40.7177325,-74.043845,3185
3203,Hamilton Park,40.727595966,-74.044247311,3203
3195,Sip Ave,40.73089709786179,-74.06391263008118,3195
3199,Newport Pkwy,40.7287448,-74.0321082,3199
3640,Journal Square,40.73367,-74.0625,3640
3210,Pershing Field,40.742677141,-74.051788633,3210
3277,Communipaw & Berry Lane,40.71435836870427,-74.06661093235016,3277
3184,Paulus Hook,40.7141454,-74.0335519,3184
3639,Harborside,40.7192517,-74.034234,3639
3792,Columbus Dr at Exchange Pl,40.71687,-74.03281,3792
3276,Marin Light Rail,40.71458403535893,-74.04281705617905,3276
3211,Newark Ave,40.72152515,-74.046304543,3211
