tripduration,starttime,stoptime,start station id,end station id,bikeid,usertype,birth year,gender
351,2019-06-27 08:12:24.7200,2019-06-27 08:18:15.7280,3498,3504,25742,Subscriber,1992,1
2702,2019-06-08 15:48:58.1010,2019-06-08 16:34:00.4150,3155,405,29721,Subscriber,1991,2
533,2019-06-20 11:10:00.8270,2019-06-20 11:18:54.7110,3255,465,27142,Subscriber,1988,1
352,2019-06-18 20:10:24.4060,2019-06-18 20:16:16.5540,3360,3283,29984,Subscriber,1994,1
726,2019-06-10 09:25:00.0990,2019-06-10 09:37:06.7820,3163,2021,26901,Subscriber,1980,2
466,2019-06-20 08:07:26.3820,2019-06-20 08:15:12.9600,3255,515,17837,Subscriber,1982,1
303,2019-06-05 09:15:17.4630,2019-06-05 09:20:20.7810,3413,3373,15083,Customer,1969,0
1077,2019-06-05 18:19:30.5870,2019-06-05 18:37:27.9150,3692,531,32654,Subscriber,1989,1
1548,2019-06-07 07:14:29.4480,2019-06-07 07:40:18.0900,481,3707,33088,Subscriber,1994,1
2374,2019-06-10 17:04:53.0480,2019-06-10 17:44:27.5720,3547,334,30399,Subscriber,1965,1
521,2019-06-06 15:20:11.9870,2019-06-06 15:28:53.6330,477,514,16534,Subscriber,1986,1
707,2019-06-15 11:35:03.7220,2019-06-15 11:46:50.9570,532,532,32088,Customer,1981,1
2238,2019-06-13 17:10:40.5520,2019-06-13 17:47:58.8410,3472,3146,15263,Subscriber,1991,2
647,2019-06-23 23:00:25.8420,2019-06-23 23:11:12.8720,539,3096,30576,Subscriber,1977,1
1010,2019-06-13 16:21:01.1140,2019-06-13 16:37:51.6580,3749,3711,32738,Subscriber,1954,1
1990,2019-06-05 18:01:45.9810,2019-06-05 18:34:56.3450,72,168,26602,Subscriber,1969,2
2470,2019-06-24 20:52:40.2150,2019-06-24 21:33:50.3120,474,3296,16347,Subscriber,1987,1
859,2019-06-21 16:56:24.2000,2019-06-21 17:10:44.1700,504,3255,31496,Subscriber,1967,1
3530,2019-06-23 09:21:26.8780,2019-06-23 10:20:17.8440,3169,3169,30673,Customer,1980,1
656,2019-06-23 15:20:27.6740,2019-06-23 15:31:24.1840,386,412,16078,Customer,1969,0
568,2019-06-30 18:24:17.2690,2019-06-30 18:33:45.6340,301,312,39371,Subscriber,1980,1
236,2019-06-26 09:10:05.6620,2019-06-26 09:14:02.2780,353,3537,16682,Subscriber,1974,1
798,2019-06-07 14:08:27.5210,2019-06-07 14:21:46.0980,3615,3589,32861,Subscriber,1974,1
1025,2019-06-12 18:41:37.2760,2019-06-12 18:58:43.1820,493,3284,21180,Subscriber,1980,1
1182,2019-06-21 12:11:41.8570,2019-06-21 12:31:24.1730,492,422,21017,Subscriber,1977,1
611,2019-06-17 08:59:38.5680,2019-06-17 09:09:50.1530,3112,3608,35284,Subscriber,1992,1
1320,2019-06-29 14:31:13.2450,2019-06-29 14:53:13.6160,514,3256,14580,Subscriber,1988,1
1057,2019-06-05 15:26:49.8950,2019-06-05 15:44:27.6700,295,504,20701,Subscriber,1979,2
369,2019-06-30 15:47:28.7770,2019-06-30 15:53:38.1290,3373,3382,38972,Subscriber,1970,1
452,2019-06-16 14:40:49.5530,2019-06-16 14:48:22.4300,3002,427,31229,Subscriber,1988,2
1405,2019-06-19 10:05:32.4350,2019-06-19 10:28:57.9960,3359,484,21608,Customer,1974,2
267,2019-06-28 00:28:15.2100,2019-06-28 00:32:42.2760,2021,479,33525,Subscriber,1977,1
448,2019-06-20 20:30:42.1970,2019-06-20 20:38:10.5960,3788,445,17786,Subscriber,1972,2
510,2019-06-10 01:27:40.9080,2019-06-10 01:36:11.2090,515,458,24903,Customer,1987,1
151,2019-06-11 09:40:43.1530,2019-06-11 09:43:14.2660,462,453,27566,Subscriber,1994,1
638,2019-06-17 11:40:52.6630,2019-06-17 11:51:30.8220,503,465,16331,Subscriber,1981,1
1444,2019-06-08 17:20:34.9560,2019-06-08 17:44:39.6980,3490,3155,17721,Customer,1972,1
650,2019-06-24 13:14:25.0920,2019-06-24 13:25:15.1670,3076,481,32789,Subscriber,1995,2
1356,2019-06-25 16:33:56.9940,2019-06-25 16:56:33.3770,486,515,38569,Customer,1988,1
445,2019-06-25 19:57:17.3360,2019-06-25 20:04:42.7950,3513,3592,27549,Customer,1985,1
357,2019-06-26 20:14:20.9280,2019-06-26 20:20:18.1940,3101,532,29326,Subscriber,1986,1
280,2019-06-07 07:26:58.7020,2019-06-07 07:31:38.7950,3535,3499,31639,Subscriber,1988,1
206,2019-06-05 12:56:44.8840,2019-06-05 13:00:11.3450,441,456,27411,Subscriber,1987,1
1020,2019-06-08 14:27:15.9360,2019-06-08 14:44:15.9610,301,519,19683,Subscriber,1998,1
255,2019-06-11 22:30:30.7520,2019-06-11 22:34:45.8850,127,116,20321,Subscriber,1983,1
328,2019-06-29 09:42:33.7720,2019-06-29 09:48:01.7800,161,483,32853,Subscriber,1952,1
265,2019-06-26 19:11:07.2510,2019-06-26 19:15:32.8940,264,387,34997,Subscriber,1980,1
736,2019-06-02 08:39:54.2860,2019-06-02 08:52:11.1180,422,3285,34411,Subscriber,1969,2
939,2019-06-07 17:34:36.5440,2019-06-07 17:50:15.8230,3615,3459,33181,Subscriber,1975,1
267,2019-06-17 18:22:32.5990,2019-06-17 18:27:00.0730,379,402,16781,Subscriber,1994,1
1157,2019-06-04 10:19:52.4530,2019-06-04 10:39:10.0600,530,346,30560,Subscriber,1956,1
511,2019-06-12 21:51:06.4540,2019-06-12 21:59:38.1270,3790,421,25323,Subscriber,1974,2
679,2019-06-14 11:37:36.6090,2019-06-14 11:48:55.9300,285,268,28050,Subscriber,1993,1
4454,2019-06-12 19:43:10.2680,2019-06-12 20:57:24.4250,3456,237,25171,Customer,1990,2
542,2019-06-04 19:47:22.5540,2019-06-04 19:56:24.5590,303,497,19250,Subscriber,1974,1
969,2019-06-20 10:22:58.5340,2019-06-20 10:39:08.1140,473,319,18343,Subscriber,1972,1
2763,2019-06-04 20:36:27.2960,2019-06-04 21:22:31.0320,423,295,35078,Subscriber,1980,2
166,2019-06-05 06:50:52.1730,2019-06-05 06:53:38.2320,3408,143,32977,Subscriber,1973,2
2545,2019-06-15 14:04:29.0270,2019-06-15 14:46:54.6710,3686,3418,34196,Subscriber,1997,1
614,2019-06-15 19:20:38.9590,2019-06-15 19:30:53.6220,3367,3283,25609,Subscriber,1990,1
119,2019-06-27 22:43:13.0940,2019-06-27 22:45:12.1370,479,3236,21289,Subscriber,1990,1
425,2019-06-12 19:56:09.1670,2019-06-12 20:03:14.4820,502,3435,34999,Subscriber,1994,2
1727,2019-06-04 19:08:19.7530,2019-06-04 19:37:07.1290,495,3288,30984,Customer,1989,1
553,2019-06-25 13:07:24.0080,2019-06-25 13:16:37.2810,399,244,38885,Subscriber,1963,2
777,2019-06-14 18:23:48.3640,2019-06-14 18:36:45.9730,3260,487,28884,Subscriber,1966,2
610,2019-06-30 15:41:38.6550,2019-06-30 15:51:49.4770,3734,3370,30537,Subscriber,1994,1
1731,2019-06-29 20:32:57.5470,2019-06-29 21:01:49.4330,254,3244,31235,Subscriber,1964,1
447,2019-06-28 18:41:32.4630,2019-06-28 18:49:00.4570,304,327,15499,Subscriber,1985,1
619,2019-06-17 17:12:29.2580,2019-06-17 17:22:48.7770,417,296,33361,Subscriber,1974,2
323,2019-06-06 09:43:25.4920,2019-06-06 09:48:48.9280,331,386,33825,Subscriber,1983,1
1718,2019-06-19 15:15:31.4620,2019-06-19 15:44:09.4750,116,472,35112,Customer,1988,1
233,2019-06-22 18:30:10.7450,2019-06-22 18:34:03.7660,224,386,30240,Subscriber,1984,1
352,2019-06-14 14:20:18.5040,2019-06-14 14:26:11.4290,483,223,35315,Subscriber,1983,2
1516,2019-06-27 07:56:21.7850,2019-06-27 08:21:38.0240,238,485,33423,Subscriber,1989,2
473,2019-06-05 14:01:37.6240,2019-06-05 14:09:30.6800,383,336,30810,Subscriber,1950,1
313,2019-06-25 08:37:35.0310,2019-06-25 08:42:48.6640,349,317,17533,Subscriber,1988,2
681,2019-06-01 00:36:50.8650,2019-06-01 00:48:12.6270,3129,3595,21679,Subscriber,1991,1
1653,2019-06-09 08:43:27.6840,2019-06-09 09:11:01.1310,362,520,18910,Customer,2000,1
530,2019-06-09 18:37:40.9390,2019-06-09 18:46:31.1530,3649,3547,26809,Subscriber,1965,1
284,2019-06-08 19:35:05.4510,2019-06-08 19:39:50.2380,3263,265,35071,Subscriber,1981,1
179,2019-06-05 15:56:28.2430,2019-06-05 15:59:27.4780,297,2003,28373,Subscriber,1979,1
530,2019-06-03 18:57:39.1220,2019-06-03 19:06:29.4280,251,432,15388,Subscriber,1980,1
1924,2019-06-14 17:06:58.6410,2019-06-14 17:39:03.5700,3136,3374,28153,Customer,1969,0
531,2019-06-19 13:59:34.5690,2019-06-19 14:08:26.5130,3418,3304,31432,Subscriber,1969,0
443,2019-06-21 10:09:05.1930,2019-06-21 10:16:29.0000,3116,3110,38263,Subscriber,1986,1
401,2019-06-27 18:20:29.8490,2019-06-27 18:27:11.2630,362,491,26678,Subscriber,1963,1
1634,2019-06-12 12:27:57.4530,2019-06-12 12:55:12.0130,2003,303,16177,Subscriber,1956,1
1845,2019-06-21 17:59:27.7290,2019-06-21 18:30:13.5610,3716,167,27275,Subscriber,1985,1
1469,2019-06-07 07:11:16.3400,2019-06-07 07:35:45.6970,3306,392,28165,Customer,1969,0
426,2019-06-12 22:33:46.9800,2019-06-12 22:40:53.1930,482,285,33968,Subscriber,1983,1
1194,2019-06-24 15:32:49.0660,2019-06-24 15:52:43.8420,516,3656,38498,Subscriber,1992,1
739,2019-06-26 16:04:59.7570,2019-06-26 16:17:19.1540,469,470,33412,Subscriber,1992,1
744,2019-06-28 20:46:31.2690,2019-06-28 20:58:55.3740,3707,3707,35040,Subscriber,1963,1
1010,2019-06-14 17:04:09.0030,2019-06-14 17:20:59.3870,519,3376,32672,Customer,1993,1
83,2019-06-13 17:53:22.8020,2019-06-13 17:54:46.1960,3707,3707,14819,Subscriber,1992,2
170,2019-06-05 12:57:56.2410,2019-06-05 13:00:46.6290,492,3255,27272,Subscriber,1967,2
187,2019-06-08 16:48:42.0860,2019-06-08 16:51:49.1790,482,470,34170,Subscriber,1994,1
1393,2019-06-11 08:19:03.1640,2019-06-11 08:42:16.7710,438,2006,35343,Subscriber,1995,2
1852,2019-06-13 06:15:57.2630,2019-06-13 06:46:50.0060,2006,3137,27498,Customer,1969,0
1180,2019-06-16 14:31:40.9460,2019-06-16 14:51:20.9490,3016,2000,14545,Subscriber,1986,1
1526,2019-06-26 11:36:38.1990,2019-06-26 12:02:04.8640,349,279,14865,Customer,1969,0
915,2019-06-04 14:10:03.0440,2019-06-04 14:25:18.3460,484,493,30501,Subscriber,1991,1
917,2019-06-10 18:26:37.7450,2019-06-10 18:41:54.9350,518,438,20242,Subscriber,1975,1
881,2019-06-19 19:01:48.8760,2019-06-19 19:16:30.6560,3687,482,30658,Subscriber,1983,2
1641,2019-06-04 20:17:24.3320,2019-06-04 20:44:45.7650,3060,391,17771,Customer,1992,2
793,2019-06-20 18:39:30.8420,2019-06-20 18:52:44.7560,492,465,25552,Customer,1986,2
513,2019-06-26 08:07:51.1360,2019-06-26 08:16:24.9240,477,3235,20881,Subscriber,1969,0
1884,2019-06-08 11:57:05.9770,2019-06-08 12:28:30.2020,458,259,30269,Subscriber,1978,1
1893,2019-06-22 17:09:35.9220,2019-06-22 17:41:08.9300,499,3362,34149,Subscriber,1988,1
1428,2019-06-29 23:24:24.9520,2019-06-29 23:48:13.1850,438,518,33931,Customer,1969,0
1672,2019-06-29 10:53:19.2080,2019-06-29 11:21:11.2740,3182,3182,15191,Customer,1992,1
890,2019-06-14 18:16:59.3030,2019-06-14 18:31:50.0370,3709,523,34141,Subscriber,1981,2
396,2019-06-09 11:48:46.3010,2019-06-09 11:55:23.1260,529,490,33614,Subscriber,1977,1
370,2019-06-09 16:26:44.6580,2019-06-09 16:32:55.3450,486,507,35038,Subscriber,1966,1
593,2019-06-29 21:16:06.9140,2019-06-29 21:26:00.7810,514,513,30838,Subscriber,1987,1
1107,2019-06-23 20:19:02.1340,2019-06-23 20:37:29.7430,3778,3093,20346,Subscriber,1959,1
411,2019-06-07 08:42:47.2170,2019-06-07 08:49:38.8050,3364,274,20116,Subscriber,1966,1
628,2019-06-06 16:22:18.5490,2019-06-06 16:32:47.4980,3521,3551,19561,Subscriber,1961,1
1069,2019-06-12 15:29:29.1910,2019-06-12 15:47:18.9470,3354,3354,32761,Subscriber,1998,1
528,2019-06-01 11:45:18.3680,2019-06-01 11:54:07.0530,3461,368,30985,Subscriber,1990,1
741,2019-06-24 15:11:25.2790,2019-06-24 15:23:47.1880,499,3301,33889,Subscriber,1987,1
273,2019-06-29 14:39:19.3910,2019-06-29 14:43:52.9740,3100,3106,33994,Subscriber,1970,1
395,2019-06-11 14:34:41.6240,2019-06-11 14:41:16.7260,380,334,29167,Subscriber,1995,1
216,2019-06-08 10:30:55.1520,2019-06-08 10:34:31.4930,265,410,30460,Customer,1977,1
603,2019-06-28 02:15:41.3360,2019-06-28 02:25:44.9650,3093,3116,32034,Subscriber,1967,2
151,2019-06-24 19:14:07.2900,2019-06-24 19:16:38.6750,3440,3402,15040,Subscriber,1984,1
1050,2019-06-12 07:27:58.0390,2019-06-12 07:45:28.9920,3510,3295,21424,Subscriber,1952,2
190,2019-06-11 16:23:37.0990,2019-06-11 16:26:48.0720,312,432,33751,Subscriber,1982,2
294,2019-06-20 08:01:13.1250,2019-06-20 08:06:07.9800,3569,3584,25336,Subscriber,1985,2
680,2019-06-04 17:42:45.9890,2019-06-04 17:54:06.5010,351,350,30704,Subscriber,1987,1
216,2019-06-19 17:40:57.4400,2019-06-19 17:44:34.3040,3313,3368,35198,Subscriber,1985,2
262,2019-06-14 09:53:40.5230,2019-06-14 09:58:03.4040,2002,282,30694,Subscriber,1988,1
508,2019-06-02 02:56:43.6650,2019-06-02 03:05:12.2990,529,3258,31970,Subscriber,1987,1
310,2019-06-23 10:10:10.3490,2019-06-23 10:15:21.1910,3582,3349,20892,Subscriber,1977,1
2389,2019-06-15 10:58:05.6740,2019-06-15 11:37:54.9260,3583,3423,30014,Customer,1969,0
1098,2019-06-29 19:09:35.6450,2019-06-29 19:27:53.8110,120,2002,31460,Customer,1986,2
1587,2019-06-26 20:05:40.7450,2019-06-26 20:32:08.5170,350,445,33013,Subscriber,1962,2
1027,2019-06-07 13:36:57.8050,2019-06-07 13:54:05.0160,3641,3746,25423,Subscriber,1976,1
1075,2019-06-12 23:03:45.2940,2019-06-12 23:21:40.5300,387,387,15623,Customer,1969,0
387,2019-06-25 09:54:12.0900,2019-06-25 10:00:39.6490,151,312,27613,Subscriber,1993,1
837,2019-06-24 17:23:51.2170,2019-06-24 17:37:49.0190,455,477,30027,Subscriber,1976,1
370,2019-06-18 11:18:55.4260,2019-06-18 11:25:05.5380,168,461,32423,Subscriber,1975,1
690,2019-06-21 20:35:47.9130,2019-06-21 20:47:18.4860,499,3226,38183,Subscriber,1975,2
481,2019-06-18 08:35:31.8220,2019-06-18 08:43:33.6150,356,3656,28850,Subscriber,1989,2
1081,2019-06-12 19:41:56.9900,2019-06-12 19:59:58.5300,393,532,28721,Customer,1980,1
1006,2019-06-04 08:23:04.8910,2019-06-04 08:39:50.9600,3304,310,32647,Subscriber,1968,1
736,2019-06-15 13:50:14.7620,2019-06-15 14:02:30.7790,518,212,29117,Subscriber,2000,1
1510,2019-06-07 14:07:32.7180,2019-06-07 14:32:43.1630,305,72,18448,Customer,1979,2
538,2019-06-06 18:04:42.8710,2019-06-06 18:13:41.3120,500,514,33051,Customer,1992,1
666,2019-06-01 14:23:16.2110,2019-06-01 14:34:22.6970,278,307,35173,Subscriber,1983,1
1447,2019-06-15 22:56:01.1460,2019-06-15 23:20:08.3720,3435,365,28539,Subscriber,1955,1
673,2019-06-06 17:40:39.3230,2019-06-06 17:51:52.4210,520,3141,28081,Subscriber,1988,1
856,2019-06-09 22:10:10.4470,2019-06-09 22:24:27.1920,504,3459,35152,Subscriber,1988,1
1232,2019-06-26 17:58:28.5110,2019-06-26 18:19:01.0290,151,518,20686,Subscriber,1968,1
690,2019-06-19 07:40:14.8710,2019-06-19 07:51:45.1110,3711,455,30043,Subscriber,1982,1
247,2019-06-02 16:59:13.6600,2019-06-02 17:03:21.0700,3400,3367,34352,Subscriber,1990,1
1222,2019-06-01 21:03:08.4140,2019-06-01 21:23:30.9360,386,3263,25622,Customer,2001,1
1217,2019-06-01 17:43:23.0490,2019-06-01 18:03:40.8070,216,3373,28694,Subscriber,1986,1
1171,2019-06-27 18:56:28.4490,2019-06-27 19:16:00.0670,270,3693,35312,Subscriber,1992,2
1728,2019-06-03 13:31:13.7500,2019-06-03 14:00:02.5430,3165,3521,25289,Customer,1969,0
1094,2019-06-15 19:28:22.3600,2019-06-15 19:46:36.7380,327,3686,16675,Customer,1969,0
348,2019-06-08 13:46:00.7960,2019-06-08 13:51:49.1150,504,411,25885,Subscriber,1974,1
544,2019-06-17 21:11:52.7280,2019-06-17 21:20:57.4600,369,3427,17929,Customer,1969,0
618,2019-06-16 14:28:52.0480,2019-06-16 14:39:10.0990,3373,3409,32610,Customer,1969,0
1628,2019-06-09 14:09:17.6610,2019-06-09 14:36:26.1320,3320,479,31782,Subscriber,1984,2
305,2019-06-25 21:38:47.5410,2019-06-25 21:43:53.4540,411,3711,33029,Subscriber,1984,1
944,2019-06-14 17:53:41.1950,2019-06-14 18:09:25.5540,3584,3423,24988,Subscriber,1978,1
738,2019-06-13 17:54:06.4080,2019-06-13 18:06:25.2960,337,295,33592,Subscriber,1995,2
381,2019-06-14 10:04:29.4390,2019-06-14 10:10:50.7730,492,519,18695,Subscriber,1981,1
472,2019-06-01 19:37:38.4180,2019-06-01 19:45:30.5620,3518,3508,19409,Subscriber,1964,2
1614,2019-06-16 18:08:30.9210,2019-06-16 18:35:25.0460,492,3148,28265,Subscriber,1992,1
973,2019-06-12 11:31:07.1400,2019-06-12 11:47:20.7420,284,402,27453,Subscriber,1981,1
1835,2019-06-24 11:51:04.1360,2019-06-24 12:21:39.2540,3136,3323,32206,Customer,1974,2
442,2019-06-26 17:46:45.1920,2019-06-26 17:54:08.0340,3609,3514,24796,Subscriber,1975,1
197,2019-06-11 20:33:02.9060,2019-06-11 20:36:20.1440,494,462,19574,Subscriber,1975,1
783,2019-06-28 10:49:42.0400,2019-06-28 11:02:45.0510,195,377,38598,Subscriber,1973,1
1240,2019-06-12 08:04:31.8680,2019-06-12 08:25:12.5270,3161,519,30666,Subscriber,1964,1
1173,2019-06-05 10:30:53.7960,2019-06-05 10:50:27.1740,402,402,31247,Subscriber,1981,1
417,2019-06-28 17:42:59.9690,2019-06-28 17:49:57.5040,3664,3467,27034,Subscriber,1993,1
132,2019-06-18 11:12:40.9240,2019-06-18 11:14:53.4870,440,359,31294,Subscriber,1974,1
701,2019-06-27 17:35:59.5310,2019-06-27 17:47:41.0200,3232,3562,31536,Subscriber,1968,1
333,2019-06-28 18:25:46.2210,2019-06-28 18:31:19.5950,389,3093,30781,Subscriber,1970,1
821,2019-06-01 18:32:34.4410,2019-06-01 18:46:15.8060,361,3711,19095,Customer,1969,0
545,2019-06-24 08:36:53.2410,2019-06-24 08:45:58.6420,3386,3440,34375,Subscriber,1978,2
280,2019-06-30 08:14:27.3690,2019-06-30 08:19:08.2850,3315,3332,38668,Subscriber,1992,1
630,2019-06-24 22:52:09.7290,2019-06-24 23:02:40.5880,354,278,20953,Subscriber,1994,1
1664,2019-06-08 20:29:54.1530,2019-06-08 20:57:38.6010,303,490,25167,Subscriber,1992,2
1668,2019-06-08 16:57:08.7950,2019-06-08 17:24:57.1930,3467,478,15724,Customer,1969,0
258,2019-06-09 13:51:44.1590,2019-06-09 13:56:02.4250,3101,3110,32202,Customer,1969,0
1851,2019-06-13 17:32:43.8040,2019-06-13 18:03:35.5340,2008,3361,35187,Subscriber,1964,1
2385,2019-06-23 20:32:03.2540,2019-06-23 21:11:49.1540,3720,3720,20320,Subscriber,2003,1
711,2019-06-08 17:35:25.9240,2019-06-08 17:47:17.7790,3581,3313,16129,Subscriber,1988,1
730,2019-06-22 15:09:52.2980,2019-06-22 15:22:02.4850,3092,3076,38699,Customer,1992,1
652,2019-06-26 09:20:19.2310,2019-06-26 09:31:12.0630,3733,518,15720,Subscriber,1991,2
152,2019-06-13 14:03:38.2530,2019-06-13 14:06:11.1700,462,453,18696,Subscriber,1990,1
3890,2019-06-14 17:22:40.0660,2019-06-14 18:27:30.7200,434,281,20740,Customer,1969,0
3691,2019-06-26 07:11:28.7340,2019-06-26 08:12:59.8800,442,442,27196,Customer,1969,0
857,2019-06-30 08:47:19.8760,2019-06-30 09:01:37.3180,478,247,27910,Subscriber,1952,1
1340,2019-06-02 15:28:09.1140,2019-06-02 15:50:29.6820,493,3708,31252,Customer,1977,1
2580,2019-06-28 18:15:39.9060,2019-06-28 18:58:40.2900,439,3571,39866,Subscriber,1984,1
331,2019-06-11 14:13:19.9260,2019-06-11 14:18:51.8650,3408,3412,33608,Subscriber,1984,2
666,2019-06-15 09:07:27.2370,2019-06-15 09:18:33.4460,72,459,29091,Subscriber,1979,1
1201,2019-06-19 12:22:09.2350,2019-06-19 12:42:10.3590,479,462,31623,Subscriber,1984,1
131,2019-06-06 18:15:08.5900,2019-06-06 18:17:20.4290,323,261,25264,Subscriber,1992,1
1868,2019-06-09 19:11:40.5620,2019-06-09 19:42:48.9840,3173,3162,31272,Subscriber,1994,2
415,2019-06-12 09:04:12.2650,2019-06-12 09:11:07.4380,492,484,25386,Subscriber,1960,1
539,2019-06-09 14:00:19.4760,2019-06-09 14:09:18.9020,497,439,31458,Subscriber,1947,1
799,2019-06-09 14:12:12.2310,2019-06-09 14:25:31.9140,3648,539,33940,Subscriber,1979,1
1622,2019-06-09 16:25:07.4660,2019-06-09 16:52:09.9540,3366,3547,29920,Customer,1969,0
2973,2019-06-28 11:08:49.9990,2019-06-28 11:58:23.6410,281,281,38557,Customer,1969,0
747,2019-06-03 07:28:27.9770,2019-06-03 07:40:55.7930,151,168,18929,Subscriber,1992,2
572,2019-06-19 09:54:16.4600,2019-06-19 10:03:49.1520,3396,3782,25040,Subscriber,1983,1
313,2019-06-03 14:21:03.3480,2019-06-03 14:26:16.5710,270,239,27716,Subscriber,1964,2
386,2019-06-17 10:02:30.8880,2019-06-17 10:08:57.2970,224,386,15683,Subscriber,1957,1
487,2019-06-28 11:37:54.2420,2019-06-28 11:46:01.4010,446,358,29038,Subscriber,1992,1
997,2019-06-26 23:17:18.3790,2019-06-26 23:33:55.6830,3364,364,20379,Subscriber,1992,1
2202,2019-06-06 22:30:36.2400,2019-06-06 23:07:19.1300,471,3584,33877,Customer,1997,1
1317,2019-06-30 19:20:00.6880,2019-06-30 19:41:58.4080,315,3256,29559,Customer,1969,0
1649,2019-06-29 17:30:00.0290,2019-06-29 17:57:29.1080,3095,3779,30298,Customer,1987,1
2408,2019-06-03 17:17:14.5220,2019-06-03 17:57:22.8850,304,472,28341,Subscriber,1982,2
489,2019-06-10 18:52:24.2390,2019-06-10 19:00:33.3750,402,212,26481,Subscriber,1994,1
1575,2019-06-01 13:01:00.2360,2019-06-01 13:27:15.3820,3255,447,24875,Customer,1989,2
1917,2019-06-16 02:52:34.1960,2019-06-16 03:24:32.0220,2006,3374,30365,Customer,2001,1
3641,2019-06-15 20:48:12.6110,2019-06-15 21:48:53.8850,3461,459,16174,Customer,1993,2
1255,2019-06-24 16:00:32.0360,2019-06-24 16:21:27.2670,3720,3720,30217,Subscriber,2003,1
296,2019-06-22 18:13:03.6080,2019-06-22 18:17:59.8780,3292,3292,16160,Subscriber,1993,1
412,2019-06-22 19:51:05.9110,2019-06-22 19:57:58.8020,3522,3662,30113,Subscriber,1989,1
1989,2019-06-04 08:50:07.0680,2019-06-04 09:23:16.5980,279,3463,34344,Subscriber,1974,1
1068,2019-06-11 17:41:24.9370,2019-06-11 17:59:13.6360,3461,459,18343,Subscriber,1962,2
567,2019-06-19 08:33:28.1700,2019-06-19 08:42:55.9510,496,2012,34170,Subscriber,1962,2
2821,2019-06-12 08:22:36.4550,2019-06-12 09:09:37.5100,3108,2008,28668,Subscriber,1991,2
1483,2019-06-14 07:34:45.1860,2019-06-14 07:59:28.3260,3360,3686,21343,Subscriber,1980,0
324,2019-06-26 21:21:39.2230,2019-06-26 21:27:03.7590,3137,3172,28299,Subscriber,1964,1
337,2019-06-04 07:02:04.4330,2019-06-04 07:07:42.3130,3411,3440,19821,Subscriber,1985,1
504,2019-06-04 23:30:15.6200,2019-06-04 23:38:40.5810,447,495,34996,Subscriber,1979,1
684,2019-06-29 18:14:48.9030,2019-06-29 18:26:13.5000,3061,3449,32306,Customer,1986,1
571,2019-06-01 22:19:45.0580,2019-06-01 22:29:16.9930,223,3711,19303,Subscriber,1986,1
469,2019-06-04 16:12:40.3840,2019-06-04 16:20:29.3880,3664,257,32546,Subscriber,1962,1
1579,2019-06-27 19:01:02.2330,2019-06-27 19:27:21.2510,519,3572,28879,Subscriber,1991,1
149,2019-06-15 20:40:49.6410,2019-06-15 20:43:19.5280,3375,3146,28190,Subscriber,1992,1
2225,2019-06-25 21:48:18.6490,2019-06-25 22:25:23.6810,2002,539,30184,Customer,1969,0
779,2019-06-05 08:09:04.9260,2019-06-05 08:22:04.6200,3295,3172,21697,Subscriber,1992,2
357,2019-06-12 08:32:22.8610,2019-06-12 08:38:20.2800,491,517,28986,Subscriber,1992,1
198,2019-06-29 15:23:44.5610,2019-06-29 15:27:03.3270,3491,3493,38861,Subscriber,1981,2
456,2019-06-07 08:23:06.9730,2019-06-07 08:30:43.9090,490,442,18803,Subscriber,1986,2
366,2019-06-01 00:29:54.9970,2019-06-01 00:36:01.6810,3407,467,17513,Subscriber,1975,1
315,2019-06-29 17:11:25.9340,2019-06-29 17:16:41.4390,3256,426,29998,Subscriber,1954,1
826,2019-06-23 18:37:24.9970,2019-06-23 18:51:11.4530,3746,405,25627,Customer,1969,0
230,2019-06-03 22:55:23.9460,2019-06-03 22:59:14.0070,3402,323,20523,Subscriber,1971,1
1693,2019-06-24 18:18:56.3700,2019-06-24 18:47:09.5280,336,386,30456,Customer,1975,2
438,2019-06-25 15:22:32.5590,2019-06-25 15:29:51.5150,238,434,14665,Subscriber,1990,1
1008,2019-06-27 08:06:00.4000,2019-06-27 08:22:49.2160,127,427,16620,Subscriber,1985,1
692,2019-06-01 13:58:36.4250,2019-06-01 14:10:08.6100,3255,458,26020,Customer,1970,2
1555,2019-06-22 08:45:41.4540,2019-06-22 09:11:36.5140,3092,401,17580,Customer,1969,0
890,2019-06-05 17:23:11.5750,2019-06-05 17:38:01.7160,3242,366,27307,Subscriber,1967,2
628,2019-06-07 06:49:31.8130,2019-06-07 07:00:00.5130,359,3141,25143,Subscriber,1960,1
1016,2019-06-23 21:06:57.3090,2019-06-23 21:23:53.9010,168,3236,34259,Subscriber,1994,2
208,2019-06-15 17:38:05.8890,2019-06-15 17:41:34.7040,3589,3591,30419,Subscriber,1989,1
274,2019-06-17 10:06:49.3880,2019-06-17 10:11:23.7930,3513,3721,30412,Subscriber,1989,2
180,2019-06-15 10:05:00.0750,2019-06-15 10:08:00.6970,168,503,16147,Subscriber,1956,1
492,2019-06-27 10:36:07.2870,2019-06-27 10:44:19.3550,3083,3758,29355,Subscriber,1992,1
467,2019-06-09 17:47:30.3380,2019-06-09 17:55:17.9890,3169,3314,15849,Subscriber,1991,1
1098,2019-06-02 14:40:02.9520,2019-06-02 14:58:21.7320,2003,362,32672,Customer,1993,1
650,2019-06-16 16:58:57.9290,2019-06-16 17:09:48.7510,383,3718,26900,Subscriber,1998,1
701,2019-06-28 18:44:29.7160,2019-06-28 18:56:11.2850,3607,3127,30554,Customer,1991,1
1346,2019-06-14 10:35:30.4810,2019-06-14 10:57:57.3990,3162,514,25177,Customer,1971,1
519,2019-06-13 14:51:17.6530,2019-06-13 14:59:56.6820,503,453,17579,Subscriber,1979,2
2387,2019-06-19 15:19:53.2100,2019-06-19 15:59:40.8930,3070,3609,38248,Subscriber,1970,1
2118,2019-06-01 09:41:50.1770,2019-06-01 10:17:08.9550,389,334,16960,Subscriber,1989,2
1426,2019-06-12 15:39:42.4340,2019-06-12 16:03:28.5820,3579,3315,33836,Subscriber,1984,2
1967,2019-06-01 13:51:12.2980,2019-06-01 14:23:59.4140,334,304,25983,Customer,1969,0
438,2019-06-07 17:25:18.5570,2019-06-07 17:32:36.9430,3409,3329,27234,Subscriber,1986,1
638,2019-06-02 22:51:15.1060,2019-06-02 23:01:53.3540,236,247,33112,Subscriber,1989,2
2825,2019-06-15 18:29:04.9910,2019-06-15 19:16:10.3570,432,3497,27935,Customer,1969,0
822,2019-06-19 09:48:14.9580,2019-06-19 10:01:57.0280,3132,3168,27524,Subscriber,1968,1
218,2019-06-29 08:00:06.3830,2019-06-29 08:03:45.1250,453,442,27423,Subscriber,1972,1
384,2019-06-19 12:37:58.6300,2019-06-19 12:44:23.5570,493,450,30330,Subscriber,1951,1
353,2019-06-19 12:42:04.3080,2019-06-19 12:47:57.6580,3453,3095,38122,Subscriber,1986,1
329,2019-06-06 18:36:47.9340,2019-06-06 18:42:17.1930,402,2003,33413,Subscriber,1986,2
120,2019-06-30 00:20:43.4240,2019-06-30 00:22:44.3140,3285,3283,32555,Subscriber,1980,1
379,2019-06-25 17:19:03.8560,2019-06-25 17:25:23.3220,3351,3318,38436,Subscriber,1984,1
376,2019-06-15 09:40:09.8050,2019-06-15 09:46:25.8070,342,3718,32636,Subscriber,1970,1
300,2019-06-07 15:22:50.4210,2019-06-07 15:27:51.0300,356,3656,33880,Subscriber,1971,2
83,2019-06-13 22:24:26.4340,2019-06-13 22:25:50.2200,3675,3296,28512,Subscriber,1992,1
1624,2019-06-15 15:56:31.8050,2019-06-15 16:23:36.7630,217,401,27952,Subscriber,1982,2
778,2019-06-06 14:39:12.7950,2019-06-06 14:52:11.3940,281,3160,34167,Subscriber,1963,2
395,2019-06-18 11:39:59.2140,2019-06-18 11:46:34.8890,323,3411,30610,Subscriber,1989,2
270,2019-06-09 04:55:23.2620,2019-06-09 04:59:54.0780,380,482,21500,Subscriber,1979,1
414,2019-06-26 07:55:47.4400,2019-06-26 08:02:42.1280,465,520,19021,Subscriber,1965,1
446,2019-06-01 00:11:05.6770,2019-06-01 00:18:32.6110,3737,302,15663,Subscriber,1991,1
1030,2019-06-16 12:49:22.2260,2019-06-16 13:06:32.4580,3358,3422,21610,Subscriber,1969,0
1621,2019-06-23 22:43:26.7900,2019-06-23 23:10:28.3630,380,380,38967,Subscriber,1973,1
148,2019-06-13 17:05:10.2760,2019-06-13 17:07:38.9640,212,116,35374,Subscriber,1989,1
332,2019-06-30 19:01:49.0380,2019-06-30 19:07:21.8270,307,332,31591,Subscriber,1955,1
457,2019-06-02 01:50:57.2270,2019-06-02 01:58:34.2370,439,236,18369,Subscriber,1988,1
952,2019-06-01 14:45:42.8100,2019-06-01 15:01:35.3730,157,3344,20523,Subscriber,1988,2
324,2019-06-15 23:57:08.1230,2019-06-16 00:02:32.2610,3170,3169,26794,Subscriber,1952,1
994,2019-06-24 12:27:22.6220,2019-06-24 12:43:57.1290,495,388,20345,Subscriber,1997,2
1949,2019-06-13 19:07:32.9390,2019-06-13 19:40:02.3330,251,274,26412,Subscriber,1989,1
333,2019-06-02 15:56:09.1310,2019-06-02 16:01:43.0590,519,3687,20113,Subscriber,1983,1
800,2019-06-08 13:21:36.6590,2019-06-08 13:34:57.1040,3711,223,19633,Subscriber,1996,2
644,2019-06-10 10:11:02.7430,2019-06-10 10:21:47.5930,315,296,18655,Subscriber,1965,2
293,2019-06-14 13:00:21.9440,2019-06-14 13:05:15.9420,3304,3346,32368,Subscriber,1982,0
652,2019-06-26 08:26:00.9640,2019-06-26 08:36:53.0430,532,151,32518,Subscriber,1979,1
526,2019-06-26 17:22:13.9140,2019-06-26 17:31:00.5650,327,347,27154,Subscriber,1989,1
263,2019-06-20 16:02:07.9010,2019-06-20 16:06:31.0060,499,530,31285,Subscriber,1977,2
554,2019-06-27 04:57:34.5520,2019-06-27 05:06:49.2260,3496,3296,34056,Subscriber,1977,1
1656,2019-06-09 18:18:51.1660,2019-06-09 18:46:27.4480,2006,3124,28836,Subscriber,1972,1
189,2019-06-05 08:28:26.4390,2019-06-05 08:31:35.7390,319,309,27137,Subscriber,1985,1
668,2019-06-17 08:54:11.8720,2019-06-17 09:05:20.6480,455,281,30892,Subscriber,1994,2
662,2019-06-16 13:51:56.6540,2019-06-16 14:02:59.2710,3400,3305,32704,Subscriber,1991,1
338,2019-06-27 19:16:17.6530,2019-06-27 19:21:56.2570,3467,146,20565,Subscriber,1986,1
504,2019-06-26 16:41:28.0070,2019-06-26 16:49:52.0550,3244,2003,38171,Subscriber,1992,2
1446,2019-06-16 20:19:00.7930,2019-06-16 20:43:07.7710,327,514,33654,Customer,1969,0
2003,2019-06-30 20:41:32.8490,2019-06-30 21:14:56.0830,3440,473,38961,Customer,1969,0
245,2019-06-27 09:39:19.4240,2019-06-27 09:43:25.0450,502,307,19999,Subscriber,1954,2
1343,2019-06-09 15:15:10.4310,2019-06-09 15:37:34.1810,459,3467,33134,Subscriber,1992,1
246,2019-06-23 22:34:42.9730,2019-06-23 22:38:49.7910,3616,3602,33415,Subscriber,1982,1
402,2019-06-29 14:06:15.8620,2019-06-29 14:12:58.6610,507,402,16333,Subscriber,1995,1
1807,2019-06-25 16:05:50.7810,2019-06-25 16:35:57.8730,493,3494,30874,Customer,2002,1
602,2019-06-11 16:39:26.9320,2019-06-11 16:49:29.4320,387,291,27863,Subscriber,1957,2
149,2019-06-06 08:33:42.9010,2019-06-06 08:36:12.1050,3414,467,18311,Subscriber,1993,1
533,2019-06-03 18:57:14.5680,2019-06-03 19:06:07.8270,369,3244,30408,Subscriber,1972,2
298,2019-06-13 11:05:58.5880,2019-06-13 11:10:57.4040,421,241,19656,Subscriber,1986,1
218,2019-06-15 21:52:16.5330,2019-06-15 21:55:54.8420,323,261,25487,Subscriber,1971,1
443,2019-06-18 08:12:35.8000,2019-06-18 08:19:58.8120,3236,519,21471,Subscriber,1990,1
2074,2019-06-29 11:59:41.0680,2019-06-29 12:34:15.6360,426,72,32128,Subscriber,1975,1
1416,2019-06-04 13:08:43.5420,2019-06-04 13:32:20.1970,168,484,33337,Subscriber,1984,1
1529,2019-06-16 13:07:29.6130,2019-06-16 13:32:59.4520,327,358,32130,Customer,1969,0
1498,2019-06-30 07:22:19.2870,2019-06-30 07:47:18.2420,3734,3686,38331,Customer,1969,0
539,2019-06-03 22:50:51.7370,2019-06-03 22:59:51.2910,312,325,33428,Subscriber,1965,1
324,2019-06-03 22:19:39.9440,2019-06-03 22:25:04.4890,3260,369,14601,Subscriber,1974,1
317,2019-06-18 09:00:38.6520,2019-06-18 09:05:56.0720,3049,3429,14677,Subscriber,1952,1
532,2019-06-06 23:22:55.4810,2019-06-06 23:31:47.6520,473,3788,30452,Subscriber,1971,0
655,2019-06-29 12:28:55.9580,2019-06-29 12:39:51.2640,3142,3148,20843,Subscriber,1958,1
1040,2019-06-05 17:33:49.1850,2019-06-05 17:51:09.6260,248,453,28179,Subscriber,1990,1
345,2019-06-04 20:41:15.7200,2019-06-04 20:47:01.2690,379,3258,20025,Subscriber,1974,1
1892,2019-06-28 11:27:36.5280,2019-06-28 11:59:08.9040,474,447,39537,Customer,1985,1
1567,2019-06-04 13:44:05.7940,2019-06-04 14:10:12.9750,168,3435,18287,Customer,1979,1
2582,2019-06-23 13:35:22.8140,2019-06-23 14:18:25.4620,2006,3165,30411,Customer,1969,0
374,2019-06-28 17:55:11.5700,2019-06-28 18:01:26.0120,3711,285,35006,Subscriber,1993,1
340,2019-06-24 09:24:37.2860,2019-06-24 09:30:18.0190,500,3233,26766,Subscriber,1995,1
265,2019-06-24 17:09:02.8720,2019-06-24 17:13:28.3100,3715,3082,29033,Subscriber,1990,1
539,2019-06-26 02:12:15.7980,2019-06-26 02:21:14.8660,478,434,38732,Subscriber,1983,1
265,2019-06-17 18:59:54.2540,2019-06-17 19:04:20.1180,3429,3544,35307,Subscriber,1986,1
553,2019-06-03 14:50:16.5650,2019-06-03 14:59:30.1060,195,534,29761,Customer,1988,1
430,2019-06-10 19:02:24.7570,2019-06-10 19:09:35.5910,325,223,28079,Subscriber,1991,1
288,2019-06-11 14:14:08.8640,2019-06-11 14:18:56.8710,3699,447,25685,Customer,1993,1
2116,2019-06-04 14:30:50.1310,2019-06-04 15:06:06.2770,517,2008,30042,Subscriber,1993,1
727,2019-06-13 17:19:36.1810,2019-06-13 17:31:44.0770,3284,305,34923,Subscriber,1979,1
306,2019-06-17 13:59:14.1010,2019-06-17 14:04:20.6480,497,503,28126,Subscriber,1966,2
261,2019-06-12 11:37:27.7250,2019-06-12 11:41:49.3800,496,254,30749,Subscriber,1986,1
162,2019-06-12 20:40:10.2710,2019-06-12 20:42:52.3310,3463,483,20857,Subscriber,1982,1
1130,2019-06-23 19:21:23.4840,2019-06-23 19:40:13.6110,366,3776,34054,Subscriber,1989,2
3137,2019-06-01 12:12:05.9430,2019-06-01 13:04:23.5970,224,3790,25359,Customer,1992,2
1763,2019-06-01 11:34:23.9410,2019-06-01 12:03:47.8880,3711,3142,35374,Subscriber,1958,1
215,2019-06-21 00:13:52.1440,2019-06-21 00:17:27.7890,3140,3671,25428,Subscriber,1969,1
289,2019-06-25 12:05:19.2110,2019-06-25 12:10:09.1190,3708,435,38777,Subscriber,1975,1
488,2019-06-06 16:54:20.6320,2019-06-06 17:02:29.0170,461,466,19681,Subscriber,1987,1
509,2019-06-19 16:21:53.6240,2019-06-19 16:30:23.2030,309,363,38070,Subscriber,1963,1
1147,2019-06-19 07:35:55.3670,2019-06-19 07:55:02.5550,3305,3724,15517,Customer,1969,0
510,2019-06-04 09:23:09.5460,2019-06-04 09:31:39.8430,469,477,18337,Subscriber,1975,2
683,2019-06-20 16:08:37.6820,2019-06-20 16:20:01.5070,3463,492,29180,Subscriber,1952,1
298,2019-06-11 15:02:45.2110,2019-06-11 15:07:43.8690,458,3255,25114,Subscriber,1964,1
2049,2019-06-01 14:32:31.6490,2019-06-01 15:06:41.4910,3168,3286,16755,Customer,1976,2
3652,2019-06-23 19:37:34.7840,2019-06-23 20:38:27.3860,2012,3687,27058,Customer,1995,2
1014,2019-06-06 08:43:05.7000,2019-06-06 08:59:59.8460,514,358,18089,Customer,1987,1
2962,2019-06-01 00:58:36.7870,2019-06-01 01:47:59.0000,480,3344,34355,Customer,1973,1
272,2019-06-05 08:33:08.0020,2019-06-05 08:37:40.4670,284,168,25848,Subscriber,1988,1
1291,2019-06-26 21:43:20.6160,2019-06-26 22:04:52.2620,3016,3674,38422,Subscriber,1968,2
384,2019-06-14 23:41:55.1750,2019-06-14 23:48:19.4930,536,454,19259,Subscriber,1994,1
447,2019-06-06 12:39:38.8670,2019-06-06 12:47:06.1780,3233,2021,32193,Subscriber,1974,1
752,2019-06-28 15:46:29.8110,2019-06-28 15:59:02.7810,356,336,39398,Subscriber,1992,1
292,2019-06-14 22:29:06.3440,2019-06-14 22:33:58.5710,474,503,29430,Subscriber,1986,1
1397,2019-06-11 10:27:10.4430,2019-06-11 10:50:28.3070,442,426,33817,Customer,1985,1
721,2019-06-18 09:33:46.4020,2019-06-18 09:45:48.2710,3707,524,32420,Subscriber,1991,1
1450,2019-06-28 16:19:57.8690,2019-06-28 16:44:08.0180,3092,3569,20138,Customer,1969,0
593,2019-06-09 09:59:49.5660,2019-06-09 10:09:43.4860,3382,3382,16353,Customer,1969,0
282,2019-06-01 18:07:00.6050,2019-06-01 18:11:42.8530,456,2006,19343,Subscriber,1970,1
244,2019-06-21 15:28:13.5510,2019-06-21 15:32:17.8140,525,490,32707,Subscriber,1985,1
827,2019-06-22 14:53:47.8030,2019-06-22 15:07:34.8040,120,3050,38294,Subscriber,1971,2
279,2019-06-12 19:50:03.0220,2019-06-12 19:54:42.8000,128,328,18766,Subscriber,1989,1
539,2019-06-28 14:42:08.5930,2019-06-28 14:51:08.1930,441,500,35238,Subscriber,1961,1
510,2019-06-04 21:22:25.2040,2019-06-04 21:30:55.8960,3232,467,17864,Subscriber,1955,1
645,2019-06-17 16:52:33.9920,2019-06-17 17:03:19.2100,79,252,25609,Subscriber,1990,2
513,2019-06-27 08:30:56.3710,2019-06-27 08:39:29.9500,379,3463,38900,Subscriber,1985,1
716,2019-06-20 16:08:22.6680,2019-06-20 16:20:19.1690,3687,523,25359,Subscriber,1963,1
1274,2019-06-09 13:01:38.4140,2019-06-09 13:22:52.4730,3126,3112,17920,Customer,1992,2
442,2019-06-28 17:08:44.8780,2019-06-28 17:16:07.4870,257,229,17070,Subscriber,1990,2
885,2019-06-23 23:25:45.6810,2019-06-23 23:40:30.8220,3166,469,14556,Customer,1969,0
1034,2019-06-22 12:05:58.4950,2019-06-22 12:23:12.8080,504,379,35179,Subscriber,1987,1
834,2019-06-12 18:32:50.2520,2019-06-12 18:46:44.3240,3615,3668,26602,Subscriber,1985,1
278,2019-06-06 08:54:23.7320,2019-06-06 08:59:02.5350,116,446,33800,Subscriber,1966,1
455,2019-06-20 08:42:48.7520,2019-06-20 08:50:24.4530,3128,3119,28384,Subscriber,1974,1
437,2019-06-21 09:49:03.4490,2019-06-21 09:56:21.2480,3711,285,29881,Subscriber,1993,1
1276,2019-06-03 19:50:38.0410,2019-06-03 20:11:54.3940,151,3429,32020,Subscriber,1979,1
670,2019-06-12 19:05:41.4450,2019-06-12 19:16:51.9760,3563,3593,26388,Subscriber,1980,1
347,2019-06-26 15:34:18.7550,2019-06-26 15:40:05.8840,459,494,33107,Subscriber,1987,1
983,2019-06-24 09:53:31.4460,2019-06-24 10:09:55.1700,3467,257,38861,Subscriber,1968,2
177,2019-06-03 09:05:25.3250,2019-06-03 09:08:22.8770,402,486,18888,Subscriber,1990,1
1005,2019-06-03 16:19:19.7490,2019-06-03 16:36:05.4040,3400,3531,21081,Subscriber,1983,1
442,2019-06-03 13:21:27.3590,2019-06-03 13:28:49.7920,3409,3396,31409,Subscriber,1977,1
1358,2019-06-07 19:16:34.9010,2019-06-07 19:39:13.1570,3263,501,15675,Subscriber,1984,2
1062,2019-06-08 15:03:36.4610,2019-06-08 15:21:19.4470,514,168,25171,Subscriber,1991,2
1041,2019-06-01 12:50:53.2550,2019-06-01 13:08:14.5330,391,312,21496,Subscriber,1986,1
549,2019-06-16 20:44:10.4500,2019-06-16 20:53:19.9030,492,254,31112,Subscriber,1995,1
210,2019-06-13 12:53:33.0760,2019-06-13 12:57:03.4890,285,503,25937,Subscriber,1992,1
258,2019-06-23 18:52:10.8370,2019-06-23 18:56:29.3890,236,3711,19483,Subscriber,1976,2
1912,2019-06-29 18:41:57.9900,2019-06-29 19:13:50.6600,3137,3374,27691,Customer,1969,0
1102,2019-06-27 17:59:33.5810,2019-06-27 18:17:56.4430,495,3434,31967,Subscriber,1961,1
427,2019-06-23 16:34:03.9590,2019-06-23 16:41:11.2980,3671,3675,33305,Subscriber,1991,1
2571,2019-06-08 07:47:19.2370,2019-06-08 08:30:10.4790,3137,3165,32323,Subscriber,1989,1
776,2019-06-07 11:16:12.8900,2019-06-07 11:29:08.9410,3064,3092,29558,Subscriber,1993,1
2497,2019-06-30 18:59:11.9810,2019-06-30 19:40:49.0020,2006,3143,39706,Customer,1969,0
787,2019-06-14 16:46:37.7080,2019-06-14 16:59:45.5710,402,3467,32050,Subscriber,1988,2
1576,2019-06-19 17:04:23.2000,2019-06-19 17:30:40.1140,460,3403,30626,Subscriber,1985,1
184,2019-06-11 08:22:29.6230,2019-06-11 08:25:34.1890,522,520,30580,Subscriber,1953,1
931,2019-06-05 16:09:03.7700,2019-06-05 16:24:35.2900,3175,3131,27003,Subscriber,1960,1
842,2019-06-05 17:16:48.2510,2019-06-05 17:30:50.5050,453,3699,21363,Subscriber,1957,2
1192,2019-06-06 20:25:38.6540,2019-06-06 20:45:31.4050,3427,453,31645,Customer,1993,1
2106,2019-06-11 13:19:24.7990,2019-06-11 13:54:31.7140,419,3486,35027,Subscriber,1993,1
1231,2019-06-02 10:54:44.3790,2019-06-02 11:15:15.9580,3541,3305,28146,Subscriber,1987,1
192,2019-06-03 10:17:43.9840,2019-06-03 10:20:56.7490,499,3159,28921,Subscriber,1983,1
515,2019-06-08 22:45:33.5340,2019-06-08 22:54:08.5370,161,317,30274,Subscriber,1997,1
699,2019-06-24 10:08:30.3140,2019-06-24 10:20:09.9670,459,435,38311,Subscriber,1963,2
876,2019-06-15 21:47:41.8650,2019-06-15 22:02:18.5920,251,394,35159,Subscriber,1991,2
617,2019-06-07 16:22:16.0540,2019-06-07 16:32:33.7020,539,3115,21040,Subscriber,1981,2
477,2019-06-16 14:06:39.6760,2019-06-16 14:14:36.9090,3569,3249,16294,Subscriber,1984,1
211,2019-06-15 08:09:13.5930,2019-06-15 08:12:45.3840,3361,3304,33904,Subscriber,1985,1
1774,2019-06-08 12:00:22.4240,2019-06-08 12:29:56.4850,426,458,31892,Subscriber,1989,1
222,2019-06-03 22:22:09.0100,2019-06-03 22:25:51.2500,3126,3129,25415,Subscriber,1977,1
630,2019-06-23 13:58:16.2140,2019-06-23 14:08:46.8970,251,252,28540,Customer,1996,1
485,2019-06-13 20:15:15.3180,2019-06-13 20:23:20.6740,3175,3289,20518,Subscriber,1985,1
653,2019-06-23 18:31:14.9370,2019-06-23 18:42:08.6240,380,249,26900,Customer,1994,1
398,2019-06-20 08:12:01.5510,2019-06-20 08:18:39.6460,540,3235,31229,Subscriber,1993,1
1677,2019-06-01 13:01:49.0930,2019-06-01 13:29:46.3330,224,3723,16996,Customer,1989,1
318,2019-06-16 20:50:09.5110,2019-06-16 20:55:28.3400,3641,503,21313,Customer,1998,1
622,2019-06-18 09:29:38.6400,2019-06-18 09:40:00.9460,423,164,28390,Subscriber,1984,1
1220,2019-06-16 21:55:11.0610,2019-06-16 22:15:31.8010,434,265,16584,Customer,1969,0
1155,2019-06-26 16:54:58.7280,2019-06-26 17:14:13.7380,3479,259,19515,Subscriber,1972,1
615,2019-06-06 06:56:12.9710,2019-06-06 07:06:28.4100,3697,3314,27135,Subscriber,1988,1
530,2019-06-07 08:58:17.5040,2019-06-07 09:07:08.1530,450,362,35586,Subscriber,1989,1
712,2019-06-22 18:57:51.4710,2019-06-22 19:09:43.8310,3096,3453,38172,Subscriber,1991,1
1961,2019-06-22 07:32:45.6770,2019-06-22 08:05:27.1950,377,3486,19615,Customer,1968,1
2079,2019-06-24 08:44:56.5740,2019-06-24 09:19:36.2790,313,168,35099,Subscriber,1988,2
722,2019-06-09 16:34:48.6170,2019-06-09 16:46:51.3360,3235,517,21470,Customer,1998,1
524,2019-06-20 18:28:28.3780,2019-06-20 18:37:13.3410,3427,380,30413,Subscriber,1986,1
1703,2019-06-30 16:00:49.5420,2019-06-30 16:29:13.1860,462,3746,33188,Customer,1969,0
169,2019-06-13 17:51:43.2850,2019-06-13 17:54:33.0300,394,3733,33329,Subscriber,1946,2
237,2019-06-12 13:47:42.7410,2019-06-12 13:51:40.1140,387,3461,35180,Subscriber,1985,1
757,2019-06-07 18:13:25.4950,2019-06-07 18:26:03.4000,3686,486,31942,Customer,1995,1
124,2019-06-12 17:43:50.1230,2019-06-12 17:45:54.3430,3125,3124,31390,Subscriber,1971,1
470,2019-06-21 06:45:24.0010,2019-06-21 06:53:14.7250,454,472,29362,Subscriber,1991,1
12325,2019-06-07 10:04:43.5560,2019-06-07 13:30:09.3920,281,3552,34028,Customer,1969,0
355,2019-06-06 20:11:16.7880,2019-06-06 20:17:12.0130,546,3463,32164,Subscriber,1984,1
607,2019-06-19 06:59:40.1260,2019-06-19 07:09:47.4770,478,3680,32421,Subscriber,1962,1
371,2019-06-10 07:21:51.4610,2019-06-10 07:28:02.7000,519,491,30714,Subscriber,1968,1
242,2019-06-21 07:28:34.6270,2019-06-21 07:32:36.9860,3402,3410,33301,Subscriber,1973,1
1142,2019-06-08 21:03:50.6960,2019-06-08 21:22:53.3690,515,3463,18245,Subscriber,1991,2
97,2019-06-19 17:47:13.3770,2019-06-19 17:48:50.7630,3002,363,30009,Subscriber,1969,2
788,2019-06-14 14:00:32.0810,2019-06-14 14:13:40.2460,3129,3602,28339,Subscriber,1940,2
1634,2019-06-24 06:13:16.2070,2019-06-24 06:40:30.6830,212,414,38680,Subscriber,1988,1
171,2019-06-16 15:45:42.3410,2019-06-16 15:48:33.4270,447,500,34116,Subscriber,1956,2
122,2019-06-26 15:53:50.0210,2019-06-26 15:55:52.0760,146,79,20051,Subscriber,1982,1
3377,2019-06-01 13:41:49.6100,2019-06-01 14:38:07.0400,391,217,33128,Subscriber,1984,1
631,2019-06-26 17:07:05.1730,2019-06-26 17:17:36.8970,3686,445,31399,Subscriber,1973,1
1749,2019-06-17 13:14:49.1460,2019-06-17 13:43:58.8670,3085,3790,17595,Subscriber,1968,2
1278,2019-06-11 13:24:56.4640,2019-06-11 13:46:15.2490,3044,3107,28586,Subscriber,1994,1
560,2019-06-01 19:52:02.2520,2019-06-01 20:01:22.3290,3435,342,15154,Subscriber,1946,1
254,2019-06-19 16:57:41.2930,2019-06-19 17:01:55.7630,508,2021,26754,Subscriber,1989,1
349,2019-06-24 10:44:50.2450,2019-06-24 10:50:39.7130,151,151,34272,Customer,1969,0
1758,2019-06-14 17:55:29.8340,2019-06-14 18:24:48.6220,3783,3783,17496,Subscriber,1978,1
464,2019-06-11 19:07:57.2810,2019-06-11 19:15:42.1480,3078,3070,19648,Subscriber,1970,1
279,2019-06-03 05:53:12.9760,2019-06-03 05:57:52.0990,3318,3345,30212,Subscriber,1990,1
223,2019-06-20 08:32:03.1090,2019-06-20 08:35:46.7550,435,482,26053,Subscriber,1994,1
1273,2019-06-02 13:57:14.1760,2019-06-02 14:18:28.1480,268,319,14721,Customer,1989,2
364,2019-06-04 08:40:21.1750,2019-06-04 08:46:25.3220,3383,3539,27441,Subscriber,1980,2
1242,2019-06-27 15:28:47.0250,2019-06-27 15:49:29.9980,363,249,26494,Customer,1969,0
886,2019-06-01 04:21:48.4160,2019-06-01 04:36:35.2560,529,545,34338,Subscriber,1986,2
782,2019-06-01 08:19:22.0080,2019-06-01 08:32:24.5820,479,536,27870,Subscriber,1989,1
240,2019-06-17 08:13:16.5550,2019-06-17 08:17:16.8590,3109,3092,31289,Subscriber,1980,1
1772,2019-06-23 16:49:06.3980,2019-06-23 17:18:38.4310,411,411,15932,Customer,2000,1
311,2019-06-15 20:02:35.1290,2019-06-15 20:07:46.3100,223,368,18043,Subscriber,1982,1
2376,2019-06-30 19:18:20.2820,2019-06-30 19:57:56.5370,3604,387,39345,Subscriber,1994,1
743,2019-06-12 18:51:29.3220,2019-06-12 19:03:53.0180,303,405,33657,Subscriber,1989,1
1128,2019-06-28 18:56:46.9320,2019-06-28 19:15:35.5080,3399,398,16096,Subscriber,1988,2
166,2019-06-05 13:06:46.2250,2019-06-05 13:09:32.8330,2002,3092,19731,Subscriber,1970,1
636,2019-06-20 12:31:33.3520,2019-06-20 12:42:09.8050,128,276,31189,Subscriber,1973,1
174,2019-06-19 17:48:37.5700,2019-06-19 17:51:32.0430,301,445,30251,Subscriber,1971,1
397,2019-06-20 18:43:09.0790,2019-06-20 18:49:46.3630,254,466,30114,Subscriber,1985,1
8864,2019-06-15 17:09:14.6550,2019-06-15 19:36:59.3470,3182,259,30219,Subscriber,1985,2
350,2019-06-05 08:03:11.7120,2019-06-05 08:09:02.2190,3137,3164,33253,Subscriber,1976,2
1026,2019-06-14 18:54:23.2950,2019-06-14 19:11:30.1410,319,410,35167,Subscriber,1984,2
788,2019-06-05 17:16:42.7050,2019-06-05 17:29:51.2280,3143,456,32472,Subscriber,1957,2
1693,2019-06-02 19:12:42.0030,2019-06-02 19:40:55.1860,323,461,20501,Subscriber,1990,2
660,2019-06-25 18:05:01.8330,2019-06-25 18:16:02.4670,495,494,19360,Subscriber,1995,2
399,2019-06-19 08:34:05.1660,2019-06-19 08:40:44.6200,3116,3119,30812,Subscriber,1984,1
981,2019-06-27 18:16:26.8010,2019-06-27 18:32:47.9720,315,401,18754,Subscriber,1992,1
124,2019-06-25 15:06:13.4090,2019-06-25 15:08:17.8200,529,479,21380,Subscriber,1997,1
655,2019-06-15 20:21:33.3870,2019-06-15 20:32:28.7900,466,514,33136,Subscriber,1980,1
251,2019-06-05 17:11:08.0420,2019-06-05 17:15:19.2720,257,417,28737,Subscriber,1976,1
1441,2019-06-09 12:23:48.4600,2019-06-09 12:47:50.2580,408,414,17540,Customer,1988,1
1767,2019-06-30 15:43:16.4120,2019-06-30 16:12:43.8820,3687,514,27406,Subscriber,1942,2
508,2019-06-17 16:44:01.5600,2019-06-17 16:52:29.6110,3648,324,20163,Subscriber,1978,1
156,2019-06-19 17:05:59.0240,2019-06-19 17:08:35.7160,497,325,20141,Subscriber,1984,1
712,2019-06-07 10:56:05.9020,2019-06-07 11:07:57.9110,458,483,27615,Subscriber,1978,1
1550,2019-06-02 14:26:51.0770,2019-06-02 14:52:41.3710,439,3074,33539,Customer,1969,0
1224,2019-06-11 16:45:17.3540,2019-06-11 17:05:42.1690,484,3170,15180,Subscriber,1989,1
367,2019-06-12 08:46:15.7820,2019-06-12 08:52:23.4970,466,3463,28752,Subscriber,1990,1
177,2019-06-07 17:40:04.6340,2019-06-07 17:43:02.4040,293,438,25527,Subscriber,1981,2
1399,2019-06-06 17:27:33.0930,2019-06-06 17:50:52.7880,3137,522,25525,Subscriber,1991,2
682,2019-06-20 15:40:38.9860,2019-06-20 15:52:01.4970,3350,3164,35142,Subscriber,1997,2
232,2019-06-10 19:47:50.9560,2019-06-10 19:51:42.9850,325,497,16882,Subscriber,1981,1
1049,2019-06-24 16:58:00.6720,2019-06-24 17:15:29.7560,3565,3123,29069,Customer,1992,1
305,2019-06-07 14:11:40.6530,2019-06-07 14:16:46.1780,446,388,34161,Subscriber,1995,2
792,2019-06-13 13:54:25.1440,2019-06-13 14:07:37.8120,3241,3075,30961,Subscriber,1988,1
1488,2019-06-06 06:06:20.9050,2019-06-06 06:31:09.0630,536,296,30256,Subscriber,1960,1
2013,2019-06-01 06:58:54.4630,2019-06-01 07:32:27.9800,514,3547,32301,Subscriber,1967,1
1524,2019-06-09 21:42:17.7480,2019-06-09 22:07:42.3950,486,346,31937,Customer,1990,2
483,2019-06-16 14:00:46.2310,2019-06-16 14:08:49.9230,3427,237,33239,Subscriber,1968,2
562,2019-06-09 09:26:53.6400,2019-06-09 09:36:16.2230,426,380,35225,Subscriber,1994,2
1132,2019-06-30 10:39:10.3990,2019-06-30 10:58:03.0540,530,533,38886,Subscriber,1990,1
591,2019-06-21 00:38:08.4710,2019-06-21 00:47:59.6810,3576,3578,25260,Subscriber,1988,1
427,2019-06-11 08:02:31.6310,2019-06-11 08:09:39.0690,3116,3119,20560,Subscriber,1982,1
704,2019-06-04 17:28:05.3010,2019-06-04 17:39:50.2220,520,478,19990,Subscriber,1990,1
221,2019-06-04 08:27:17.4180,2019-06-04 08:30:58.8690,282,3787,27801,Subscriber,1956,1
390,2019-06-29 08:00:11.9910,2019-06-29 08:06:42.1950,492,489,35033,Subscriber,1993,1
1522,2019-06-07 08:38:45.9150,2019-06-07 09:04:08.3630,3141,474,15433,Subscriber,1986,2
245,2019-06-15 14:03:03.6860,2019-06-15 14:07:08.9630,3260,280,31065,Subscriber,1987,1
295,2019-06-06 13:28:07.8940,2019-06-06 13:33:03.5270,3390,3495,21066,Subscriber,1989,1
1245,2019-06-23 01:46:24.1790,2019-06-23 02:07:09.3530,3637,3092,29809,Subscriber,1977,1
200,2019-06-02 13:53:35.6350,2019-06-02 13:56:55.9270,224,330,30985,Subscriber,1990,1
1502,2019-06-16 10:59:08.7340,2019-06-16 11:24:11.5280,3282,3724,14983,Customer,1992,1
753,2019-06-17 18:47:44.9350,2019-06-17 19:00:18.5280,363,405,27550,Subscriber,1984,1
424,2019-06-01 10:06:08.1640,2019-06-01 10:13:12.8250,3155,3141,34250,Subscriber,1984,1
1604,2019-06-09 09:37:40.5270,2019-06-09 10:04:25.4640,3081,3086,17963,Subscriber,1988,1
956,2019-06-02 13:47:13.1780,2019-06-02 14:03:09.4550,469,305,32861,Subscriber,1986,2
2347,2019-06-22 19:48:03.4830,2019-06-22 20:27:11.4630,3459,3628,30873,Subscriber,1965,2
1012,2019-06-13 07:49:54.3630,2019-06-13 08:06:46.3940,405,3002,26339,Subscriber,1959,2
1685,2019-06-25 20:37:42.2140,2019-06-25 21:05:47.2560,3372,3129,21105,Subscriber,1984,1
141,2019-06-19 07:37:31.7080,2019-06-19 07:39:53.2950,418,3674,28006,Subscriber,1952,2
461,2019-06-07 16:45:55.5320,2019-06-07 16:53:37.2700,265,502,26377,Subscriber,1985,1
700,2019-06-01 12:42:48.7380,2019-06-01 12:54:29.2480,229,309,27789,Subscriber,1986,1
1331,2019-06-15 15:59:02.7210,2019-06-15 16:21:14.4820,3712,434,17322,Customer,1969,0
962,2019-06-26 20:20:19.9700,2019-06-26 20:36:22.9570,3285,479,29090,Subscriber,1991,1
899,2019-06-11 09:03:36.6650,2019-06-11 09:18:36.1970,427,426,33973,Subscriber,1969,2
2336,2019-06-05 12:00:50.5670,2019-06-05 12:39:46.6600,440,270,27275,Subscriber,1961,1
513,2019-06-21 01:04:04.3610,2019-06-21 01:12:38.2880,483,394,19086,Subscriber,1988,1
1317,2019-06-26 20:22:03.4050,2019-06-26 20:44:01.1620,3110,243,27572,Subscriber,1979,1
448,2019-06-03 08:17:15.1160,2019-06-03 08:24:43.4490,251,358,35054,Subscriber,1988,1
928,2019-06-29 02:14:44.7800,2019-06-29 02:30:13.3880,539,3737,16529,Subscriber,1988,2
337,2019-06-16 10:43:33.9490,2019-06-16 10:49:11.9480,391,390,15138,Subscriber,1987,2
724,2019-06-09 17:37:45.3210,2019-06-09 17:49:49.8260,3528,3662,21308,Subscriber,1995,1
548,2019-06-27 18:55:31.6950,2019-06-27 19:04:39.7440,405,426,38744,Subscriber,1988,1
625,2019-06-22 18:12:12.4060,2019-06-22 18:22:38.0130,161,3690,30043,Subscriber,1989,1
1189,2019-06-03 15:45:42.2980,2019-06-03 16:05:31.6390,456,459,35027,Subscriber,1990,1
207,2019-06-04 17:22:53.6790,2019-06-04 17:26:21.2030,3242,3409,18764,Subscriber,1978,1
570,2019-06-30 21:31:25.2110,2019-06-30 21:40:56.0060,3628,3497,29031,Subscriber,1967,1
349,2019-06-13 20:26:22.7950,2019-06-13 20:32:11.9810,244,241,25817,Subscriber,1962,1
2309,2019-06-08 16:34:18.4250,2019-06-08 17:12:47.8770,3157,340,30804,Subscriber,1969,0
119,2019-06-14 14:30:09.2260,2019-06-14 14:32:08.4590,3158,499,33794,Subscriber,1993,2
168,2019-06-05 21:49:35.2670,2019-06-05 21:52:23.8530,168,497,33373,Subscriber,1991,1
1881,2019-06-04 17:35:18.6030,2019-06-04 18:06:39.8240,3724,2006,15728,Customer,1969,0
164,2019-06-11 16:12:25.0950,2019-06-11 16:15:09.7340,2021,3236,33920,Subscriber,1982,1
782,2019-06-29 12:38:14.4010,2019-06-29 12:51:17.0760,3161,3236,18209,Subscriber,1964,1
478,2019-06-30 10:18:20.9900,2019-06-30 10:26:19.0950,3724,2023,30291,Subscriber,1996,1
543,2019-06-24 14:26:29.9930,2019-06-24 14:35:33.4940,459,380,38161,Subscriber,1967,1
521,2019-06-25 16:29:02.0190,2019-06-25 16:37:43.9020,328,405,38777,Subscriber,1999,2
1574,2019-06-16 19:21:46.4890,2019-06-16 19:48:01.1490,238,238,35008,Subscriber,1993,1
2134,2019-06-21 17:36:52.1110,2019-06-21 18:12:26.3500,310,3330,34311,Subscriber,1987,2
408,2019-06-07 06:01:50.1000,2019-06-07 06:08:39.0950,3378,2006,30823,Subscriber,1993,1
1566,2019-06-12 19:25:30.9970,2019-06-12 19:51:37.2210,418,3117,17358,Subscriber,1989,2
1170,2019-06-28 08:05:17.7360,2019-06-28 08:24:48.6680,167,151,30725,Subscriber,1968,1
925,2019-06-14 19:46:02.3990,2019-06-14 20:01:27.7470,3332,418,17302,Customer,1969,0
1650,2019-06-24 16:26:36.6350,2019-06-24 16:54:07.0910,3723,472,31652,Subscriber,1972,1
795,2019-06-23 17:16:33.2400,2019-06-23 17:29:48.8970,441,3235,17845,Customer,1974,1
463,2019-06-02 12:54:23.8210,2019-06-02 13:02:07.6410,462,346,17776,Subscriber,1964,1
2320,2019-06-30 20:55:39.9050,2019-06-30 21:34:20.2310,3720,3720,38091,Subscriber,2003,1
120,2019-06-19 14:33:51.8930,2019-06-19 14:35:52.3140,3136,3136,16765,Customer,1996,1
996,2019-06-08 11:52:06.3490,2019-06-08 12:08:42.9560,317,2009,19455,Subscriber,1982,2
746,2019-06-06 17:10:27.9140,2019-06-06 17:22:54.3610,529,168,18000,Subscriber,1995,1
873,2019-06-21 21:21:58.3020,2019-06-21 21:36:31.6770,3335,3673,21523,Subscriber,1984,1
1311,2019-06-01 16:32:36.7720,2019-06-01 16:54:28.3630,3479,3254,32269,Subscriber,1989,2
926,2019-06-17 22:10:06.7940,2019-06-17 22:25:33.5010,325,515,28572,Subscriber,1987,1
1156,2019-06-26 17:39:17.0650,2019-06-26 17:58:33.3610,522,382,21040,Subscriber,1996,1
404,2019-06-16 12:21:14.0620,2019-06-16 12:27:58.1140,405,127,30442,Customer,1969,0
969,2019-06-17 18:05:36.5090,2019-06-17 18:21:45.5790,3746,476,26479,Subscriber,1986,0
6551,2019-06-01 18:05:37.1460,2019-06-01 19:54:48.7420,346,459,19099,Customer,1969,0
541,2019-06-24 06:48:17.0020,2019-06-24 06:57:18.5550,394,382,38108,Subscriber,1992,1
612,2019-06-24 18:11:37.8790,2019-06-24 18:21:50.3110,281,3163,17583,Subscriber,1988,2
970,2019-06-14 22:08:42.9220,2019-06-14 22:24:53.5860,3300,298,18676,Subscriber,1988,1
2399,2019-06-04 18:50:14.2830,2019-06-04 19:30:13.5330,368,3233,32683,Subscriber,1995,1
1972,2019-06-08 11:11:19.2260,2019-06-08 11:44:11.8110,3110,2012,29937,Subscriber,1989,2
2594,2019-06-14 20:33:59.9590,2019-06-14 21:17:14.6030,327,497,27698,Subscriber,1985,1
2585,2019-06-21 18:11:59.6470,2019-06-21 18:55:04.7100,490,490,18292,Customer,1969,0
2188,2019-06-20 19:52:39.4220,2019-06-20 20:29:08.1030,3737,3002,31420,Subscriber,1985,1
449,2019-06-20 18:34:27.8240,2019-06-20 18:41:57.4480,368,439,33234,Subscriber,1961,2
259,2019-06-03 10:10:24.4380,2019-06-03 10:14:44.0730,513,499,28921,Subscriber,1966,1
303,2019-06-04 15:09:45.0990,2019-06-04 15:14:48.1780,3411,3420,31979,Subscriber,1992,1
563,2019-06-28 19:35:12.7880,2019-06-28 19:44:36.7030,390,2000,29150,Subscriber,1969,2
797,2019-06-19 11:39:21.4030,2019-06-19 11:52:38.8540,3733,3707,14570,Subscriber,1983,2
1917,2019-06-11 11:00:48.2480,2019-06-11 11:32:45.9300,3599,3477,25320,Subscriber,1963,1
363,2019-06-02 20:09:19.7990,2019-06-02 20:15:23.3980,350,408,25442,Subscriber,1973,2
559,2019-06-06 20:40:01.3890,2019-06-06 20:49:20.9850,3056,3059,16838,Subscriber,2001,1
498,2019-06-27 00:13:48.3040,2019-06-27 00:22:06.8470,3080,3094,33656,Subscriber,1989,1
2581,2019-06-23 12:54:25.6820,2019-06-23 13:37:27.5270,478,480,25895,Subscriber,1995,1
135,2019-06-23 12:21:45.5850,2019-06-23 12:24:01.1170,3718,3711,27043,Subscriber,1982,1
2022,2019-06-30 22:00:54.9430,2019-06-30 22:34:36.9890,281,362,20184,Customer,1969,0
525,2019-06-05 15:31:25.9080,2019-06-05 15:40:11.2320,325,334,34239,Subscriber,1980,1
1013,2019-06-15 16:42:41.7400,2019-06-15 16:59:35.2610,328,236,32627,Subscriber,1977,1
316,2019-06-14 18:18:55.3570,2019-06-14 18:24:12.1980,3668,3715,31203,Subscriber,1982,2
567,2019-06-03 08:36:56.5430,2019-06-03 08:46:24.4940,490,520,35183,Subscriber,1983,1
544,2019-06-12 07:44:29.0680,2019-06-12 07:53:33.3160,332,315,28865,Subscriber,1972,1
642,2019-06-06 18:10:42.1500,2019-06-06 18:21:24.3600,503,265,25547,Subscriber,1982,1
248,2019-06-17 12:22:11.3000,2019-06-17 12:26:19.8730,127,284,15419,Subscriber,1990,1
1060,2019-06-04 09:38:14.2840,2019-06-04 09:55:54.5030,492,454,27946,Subscriber,1969,1
879,2019-06-26 07:20:53.5580,2019-06-26 07:35:33.1780,3163,465,38742,Subscriber,1972,1
497,2019-06-01 22:22:22.8030,2019-06-01 22:30:40.6880,3591,3597,15161,Subscriber,1982,1
1650,2019-06-18 22:27:33.0090,2019-06-18 22:55:03.9870,316,340,20663,Subscriber,1987,2
529,2019-06-23 14:31:26.5810,2019-06-23 14:40:16.3420,3707,438,29957,Customer,1980,1
1418,2019-06-09 10:59:23.9180,2019-06-09 11:23:02.1240,461,358,31130,Customer,1985,2
495,2019-06-25 13:32:38.9720,2019-06-25 13:40:54.9450,478,462,19045,Subscriber,1986,1
1271,2019-06-29 14:05:24.2890,2019-06-29 14:26:36.2480,317,346,18234,Customer,1988,2
604,2019-06-04 08:13:18.0130,2019-06-04 08:23:22.8010,461,455,32568,Subscriber,1979,1
707,2019-06-08 16:36:19.8750,2019-06-08 16:48:07.3530,3532,3610,33557,Subscriber,1986,1
447,2019-06-28 10:28:18.9050,2019-06-28 10:35:46.3300,486,536,38984,Subscriber,1981,1
315,2019-06-15 11:36:20.5330,2019-06-15 11:41:36.1400,3085,3727,31056,Subscriber,1988,2
1814,2019-06-22 16:16:13.2580,2019-06-22 16:46:28.2120,532,3674,17231,Subscriber,1990,1
421,2019-06-30 19:54:20.5720,2019-06-30 20:01:21.6320,3232,3413,38683,Subscriber,1994,2
782,2019-06-16 00:25:32.7210,2019-06-16 00:38:34.9110,3115,471,19538,Subscriber,1995,1
647,2019-06-05 18:25:59.3160,2019-06-05 18:36:46.5620,417,251,32026,Subscriber,1989,1
705,2019-06-14 16:13:31.3290,2019-06-14 16:25:16.5800,3256,3002,16458,Customer,1969,0
343,2019-06-27 09:04:38.4610,2019-06-27 09:10:21.9050,2009,315,34411,Subscriber,1968,1
674,2019-06-14 08:39:04.9780,2019-06-14 08:50:19.3560,523,442,17114,Subscriber,1976,1
1370,2019-06-30 20:47:39.1030,2019-06-30 21:10:29.8480,355,3674,39019,Subscriber,1983,1
618,2019-06-30 20:13:44.5220,2019-06-30 20:24:03.3300,3319,3358,28172,Subscriber,1976,2
493,2019-06-04 22:01:58.4950,2019-06-04 22:10:11.7510,545,285,32099,Subscriber,1993,1
376,2019-06-01 10:00:18.9740,2019-06-01 10:06:35.7010,3593,3555,33051,Subscriber,1983,1
1086,2019-06-09 12:49:07.6200,2019-06-09 13:07:14.2650,3002,3427,27137,Subscriber,1996,2
181,2019-06-25 18:26:54.6660,2019-06-25 18:29:55.7470,379,494,34069,Subscriber,1989,1
1886,2019-06-14 18:34:51.4660,2019-06-14 19:06:18.3180,3708,3404,25853,Subscriber,1983,1
1058,2019-06-28 08:35:49.0010,2019-06-28 08:53:27.7540,3301,3141,16479,Subscriber,1969,2
1738,2019-06-07 17:09:33.9660,2019-06-07 17:38:32.2050,455,3170,31809,Subscriber,1977,1
762,2019-06-11 10:27:27.8020,2019-06-11 10:40:10.6210,514,434,34416,Subscriber,1989,1
796,2019-06-12 09:17:00.8870,2019-06-12 09:30:17.6120,503,2017,32528,Subscriber,1981,1
334,2019-06-01 16:21:33.4380,2019-06-01 16:27:07.6950,499,3166,31100,Subscriber,1972,1
99,2019-06-04 07:40:21.5070,2019-06-04 07:42:00.8590,284,116,15235,Subscriber,1987,1
187,2019-06-01 20:23:17.8490,2019-06-01 20:26:25.3940,530,422,32530,Subscriber,1993,1
1138,2019-06-03 08:51:36.6890,2019-06-03 09:10:35.4670,3658,3461,35152,Subscriber,1976,1
492,2019-06-17 11:28:07.9150,2019-06-17 11:36:20.8410,3587,3569,28892,Subscriber,1963,2
137,2019-06-10 07:38:28.3560,2019-06-10 07:40:46.2510,3592,3566,18580,Subscriber,1985,1
971,2019-06-19 01:09:10.2330,2019-06-19 01:25:21.5540,173,3463,32183,Subscriber,1982,1
210,2019-06-06 11:53:29.4540,2019-06-06 11:56:59.4660,416,3232,34218,Subscriber,1983,1
1944,2019-06-07 11:54:19.8090,2019-06-07 12:26:44.0070,2003,490,32539,Subscriber,1996,1
1463,2019-06-20 14:39:41.3930,2019-06-20 15:04:05.3450,533,236,38504,Subscriber,1972,2
317,2019-06-25 08:16:08.1440,2019-06-25 08:21:25.6580,3151,3747,27490,Subscriber,1979,1
1182,2019-06-05 07:30:11.9290,2019-06-05 07:49:54.5880,494,312,25099,Subscriber,1973,1
264,2019-06-23 05:59:37.2220,2019-06-23 06:04:01.8370,3151,3156,38228,Subscriber,1976,1
587,2019-06-06 16:43:31.8290,2019-06-06 16:53:19.2920,257,247,31525,Customer,1969,0
283,2019-06-20 09:21:07.5800,2019-06-20 09:25:51.5630,492,3641,31070,Subscriber,1984,1
1042,2019-06-07 18:58:50.8140,2019-06-07 19:16:13.3010,3235,3244,15030,Customer,1969,0
468,2019-06-03 07:04:58.5320,2019-06-03 07:12:47.2230,518,228,32833,Subscriber,1971,1
1983,2019-06-26 19:55:35.3530,2019-06-26 20:28:39.0610,249,237,17714,Subscriber,1992,1
780,2019-06-05 21:37:19.2780,2019-06-05 21:50:20.0540,3263,195,26773,Subscriber,1965,2
402,2019-06-21 12:34:43.2880,2019-06-21 12:41:25.4160,284,335,17826,Subscriber,1991,2
1195,2019-06-21 19:19:00.4480,2019-06-21 19:38:56.3450,3674,438,30700,Subscriber,1995,2
1038,2019-06-25 19:09:05.3150,2019-06-25 19:26:23.7140,223,284,26996,Subscriber,1965,2
808,2019-06-12 15:59:40.9460,2019-06-12 16:13:09.4580,116,362,34975,Subscriber,1989,1
264,2019-06-22 12:55:03.2930,2019-06-22 12:59:27.9480,3346,3365,27013,Subscriber,1987,2
798,2019-06-20 04:35:33.5540,2019-06-20 04:48:52.2360,3163,3367,31167,Subscriber,1965,1
585,2019-06-19 08:00:57.2530,2019-06-19 08:10:42.6540,3226,3158,21656,Subscriber,1974,2
1688,2019-06-15 09:44:21.0120,2019-06-15 10:12:29.8150,3155,484,20590,Subscriber,1969,1
1859,2019-06-09 16:54:24.1020,2019-06-09 17:25:23.6420,3782,418,30748,Customer,1969,0
423,2019-06-17 12:09:51.5230,2019-06-17 12:16:54.6780,3263,2003,31431,Subscriber,1972,1
1107,2019-06-30 12:32:10.0720,2019-06-30 12:50:37.2200,363,238,33246,Subscriber,1988,1
242,2019-06-08 15:37:21.7490,2019-06-08 15:41:24.2850,3338,3305,25105,Subscriber,1990,1
484,2019-06-26 18:29:11.8910,2019-06-26 18:37:16.2490,3256,79,18591,Subscriber,1985,1
1476,2019-06-30 20:46:18.7770,2019-06-30 21:10:55.3380,3435,454,30117,Subscriber,1987,1
851,2019-06-07 08:45:34.6640,2019-06-07 08:59:46.1040,326,458,28073,Subscriber,1995,1
2080,2019-06-28 15:06:57.7760,2019-06-28 15:41:38.3650,439,3427,39058,Subscriber,1986,1
761,2019-06-26 08:35:21.6690,2019-06-26 08:48:02.8920,3709,3235,18272,Subscriber,1988,2
1332,2019-06-09 13:28:51.6680,2019-06-09 13:51:03.7270,3435,414,35087,Subscriber,1987,1
645,2019-06-27 09:06:10.2330,2019-06-27 09:16:55.3390,513,359,38056,Subscriber,1991,1
616,2019-06-16 01:50:15.9060,2019-06-16 02:00:32.1530,3544,3055,25417,Subscriber,1994,2
434,2019-06-06 11:43:24.3170,2019-06-06 11:50:38.4110,223,462,21280,Subscriber,2000,1
248,2019-06-25 19:03:28.8950,2019-06-25 19:07:37.5140,3539,3623,31007,Subscriber,1987,1
639,2019-06-09 12:19:22.3460,2019-06-09 12:30:02.1610,3177,3159,33671,Customer,1969,0
728,2019-06-21 12:50:21.0060,2019-06-21 13:02:29.7780,446,458,15867,Customer,1983,2
1383,2019-06-03 18:05:47.6420,2019-06-03 18:28:50.8700,143,360,25540,Subscriber,1971,2
300,2019-06-22 17:46:31.3430,2019-06-22 17:51:31.9180,3662,3691,18232,Subscriber,1990,1
1734,2019-06-25 19:22:09.0470,2019-06-25 19:51:03.9440,3364,3043,30201,Customer,1969,0
201,2019-06-18 05:25:05.7520,2019-06-18 05:28:27.0410,383,3686,15254,Subscriber,1992,2
494,2019-06-04 16:06:34.0640,2019-06-04 16:14:48.7190,519,474,17259,Subscriber,1974,1
2361,2019-06-28 18:36:07.2540,2019-06-28 19:15:28.6120,285,486,34076,Subscriber,1995,1
770,2019-06-27 08:16:39.4230,2019-06-27 08:29:29.4830,3687,3443,28694,Subscriber,1991,1
494,2019-06-25 17:36:09.8350,2019-06-25 17:44:24.8320,388,474,32034,Subscriber,1994,1
761,2019-06-24 16:14:54.5120,2019-06-24 16:27:35.6750,3686,3260,30886,Subscriber,1984,1
244,2019-06-07 09:27:40.5350,2019-06-07 09:31:44.9020,472,536,27360,Subscriber,1990,1
851,2019-06-19 17:22:41.5920,2019-06-19 17:36:53.0230,337,3256,33226,Subscriber,1995,1
537,2019-06-14 09:18:07.9010,2019-06-14 09:27:05.0700,3372,3155,21414,Subscriber,1964,1
540,2019-06-11 15:48:37.9790,2019-06-11 15:57:38.8470,346,127,34968,Subscriber,1955,1
389,2019-06-12 22:01:43.4570,2019-06-12 22:08:12.7580,3101,471,33809,Subscriber,1992,1
657,2019-06-28 09:12:26.1040,2019-06-28 09:23:23.7470,458,434,24934,Subscriber,1990,1
1961,2019-06-04 14:09:57.1730,2019-06-04 14:42:38.8660,229,2008,32249,Subscriber,1987,1
139,2019-06-12 18:25:20.2750,2019-06-12 18:27:39.5340,426,426,17644,Customer,1969,0
1180,2019-06-01 12:07:30.8010,2019-06-01 12:27:11.7770,481,473,30893,Customer,1969,0
1499,2019-06-22 18:02:11.5160,2019-06-22 18:27:10.8800,432,426,27395,Customer,1995,1
495,2019-06-23 14:37:33.7200,2019-06-23 14:45:48.9540,482,388,30111,Subscriber,1987,1
2727,2019-06-14 13:44:29.5780,2019-06-14 14:29:56.7800,426,3467,34948,Subscriber,1988,1
521,2019-06-14 10:34:14.5750,2019-06-14 10:42:55.6070,3335,3386,17833,Subscriber,1976,2
350,2019-06-21 06:49:47.6780,2019-06-21 06:55:38.3720,469,422,16168,Subscriber,1991,2
1286,2019-06-09 17:19:17.7670,2019-06-09 17:40:44.3730,453,317,21065,Customer,1995,2
799,2019-06-24 11:18:08.0980,2019-06-24 11:31:28.0060,319,257,38839,Customer,1969,0
279,2019-06-12 13:50:05.1200,2019-06-12 13:54:45.1020,472,474,31409,Subscriber,1991,1
1636,2019-06-26 00:10:21.2050,2019-06-26 00:37:37.2060,479,507,30113,Customer,1987,1
2459,2019-06-24 17:09:02.9410,2019-06-24 17:50:02.0990,3531,3400,18388,Subscriber,1991,1
229,2019-06-21 09:17:09.4420,2019-06-21 09:20:58.4670,3059,3064,38504,Subscriber,1994,2
913,2019-06-12 15:08:24.4960,2019-06-12 15:23:37.6830,530,493,30266,Subscriber,1960,1
835,2019-06-12 13:58:15.7340,2019-06-12 14:12:10.8240,519,2006,16717,Customer,1986,1
400,2019-06-29 18:22:43.3630,2019-06-29 18:29:23.6980,459,514,27649,Subscriber,1990,1
204,2019-06-10 16:02:04.5180,2019-06-10 16:05:28.8380,390,390,30297,Subscriber,1971,1
380,2019-06-06 22:37:04.0030,2019-06-06 22:43:24.2020,3137,3158,28848,Subscriber,1984,1
471,2019-06-18 20:43:05.7090,2019-06-18 20:50:56.8700,486,297,29702,Subscriber,1990,1
814,2019-06-10 17:47:54.7350,2019-06-10 18:01:29.1180,360,3737,28913,Subscriber,1991,1
1136,2019-06-14 12:48:55.0190,2019-06-14 13:07:51.6120,3367,3553,33632,Customer,1969,0
277,2019-06-11 04:30:51.5480,2019-06-11 04:35:29.1580,490,448,35296,Subscriber,1972,1
630,2019-06-13 15:28:43.9870,2019-06-13 15:39:13.9900,3496,3508,29739,Subscriber,1981,1
289,2019-06-25 08:12:56.7100,2019-06-25 08:17:46.4600,217,418,30814,Subscriber,1974,1
525,2019-06-20 23:29:45.4700,2019-06-20 23:38:31.3060,3707,453,28014,Customer,1969,0
291,2019-06-09 09:06:15.9100,2019-06-09 09:11:07.1860,3533,3507,27279,Subscriber,1988,1
1228,2019-06-23 16:17:43.0860,2019-06-23 16:38:11.4100,411,3256,38149,Subscriber,1988,1
831,2019-06-05 21:33:44.2710,2019-06-05 21:47:35.9270,305,3296,15556,Subscriber,1969,0
1169,2019-06-28 19:51:47.8860,2019-06-28 20:11:17.8070,3756,3674,33975,Subscriber,1988,1
2200,2019-06-27 14:17:50.4860,2019-06-27 14:54:31.3630,3163,2006,25241,Customer,1969,0
1257,2019-06-24 13:06:38.8180,2019-06-24 13:27:36.3230,3402,3337,30594,Subscriber,1976,2
2831,2019-06-05 19:21:24.7940,2019-06-05 20:08:36.5500,412,2002,19943,Customer,1969,0
225,2019-06-21 09:09:51.2620,2019-06-21 09:13:37.2360,3354,3418,38185,Subscriber,1962,2
1697,2019-06-16 17:58:27.4070,2019-06-16 18:26:44.7200,3282,3137,25225,Customer,1991,1
1606,2019-06-30 12:52:48.4400,2019-06-30 13:19:35.3370,168,3233,28044,Customer,1965,2
789,2019-06-18 09:07:46.4520,2019-06-18 09:20:56.3810,3226,520,24849,Subscriber,1985,1
1454,2019-06-09 09:49:59.7840,2019-06-09 10:14:13.9510,402,426,27551,Subscriber,1972,2
335,2019-06-24 06:41:49.9100,2019-06-24 06:47:25.1840,476,519,30846,Subscriber,1993,1
252,2019-06-22 15:54:42.1790,2019-06-22 15:58:54.1910,405,284,27180,Subscriber,1969,1
427,2019-06-08 13:17:26.1570,2019-06-08 13:24:33.9650,284,446,34108,Subscriber,1992,2
333,2019-06-11 13:28:19.9710,2019-06-11 13:33:53.2700,490,486,33633,Subscriber,1965,1
528,2019-06-01 11:51:56.8790,2019-06-01 12:00:45.8720,3259,402,21526,Subscriber,1955,2
529,2019-06-28 15:48:37.0980,2019-06-28 15:57:26.3580,515,530,35153,Subscriber,1994,1
1063,2019-06-11 13:56:33.8610,2019-06-11 14:14:17.6470,484,484,20225,Subscriber,1983,1
2052,2019-06-19 19:31:50.2410,2019-06-19 20:06:02.5710,368,2000,19107,Subscriber,1982,1
535,2019-06-07 18:01:44.6500,2019-06-07 18:10:39.6620,319,331,27655,Subscriber,1963,1
751,2019-06-22 22:56:44.9620,2019-06-22 23:09:16.5950,519,301,27603,Subscriber,1986,1
462,2019-06-07 09:10:36.7570,2019-06-07 09:18:19.2960,485,402,18173,Subscriber,1988,1
673,2019-06-25 12:34:57.2520,2019-06-25 12:46:11.2110,314,314,30797,Subscriber,1975,2
610,2019-06-24 15:52:34.4520,2019-06-24 16:02:44.6730,3256,327,31417,Subscriber,1970,1
419,2019-06-08 18:08:10.3150,2019-06-08 18:15:09.8730,3726,3611,21624,Subscriber,1981,1
524,2019-06-28 20:27:15.0110,2019-06-28 20:35:59.6220,3430,3693,31792,Subscriber,1982,1
620,2019-06-06 09:44:47.1800,2019-06-06 09:55:07.3180,3737,303,28614,Subscriber,1972,1
520,2019-06-04 07:03:03.6870,2019-06-04 07:11:43.9830,164,3156,19975,Subscriber,1978,1
1599,2019-06-19 09:30:28.7560,2019-06-19 09:57:08.5270,3606,3141,33129,Subscriber,1961,1
729,2019-06-09 17:33:56.0600,2019-06-09 17:46:05.1810,350,3711,30428,Subscriber,1972,1
265,2019-06-16 00:42:05.9760,2019-06-16 00:46:31.4980,312,473,32462,Customer,1969,0
1848,2019-06-24 12:19:16.3360,2019-06-24 12:50:04.5560,3629,3629,28074,Subscriber,1969,1
124,2019-06-09 22:08:27.4980,2019-06-09 22:10:32.2700,3711,3718,24953,Subscriber,1996,1
334,2019-06-10 13:09:27.2270,2019-06-10 13:15:02.1560,350,340,25056,Subscriber,1977,1
1697,2019-06-23 17:45:47.8050,2019-06-23 18:14:04.8620,281,495,30722,Customer,1969,0
492,2019-06-05 20:46:49.8010,2019-06-05 20:55:02.3870,3571,3047,24907,Subscriber,1995,2
429,2019-06-02 09:43:39.5170,2019-06-02 09:50:48.6870,265,350,35588,Subscriber,1982,1
297,2019-06-29 16:22:02.4690,2019-06-29 16:26:59.9540,3676,3330,38510,Subscriber,1979,1
1418,2019-06-11 17:48:26.2450,2019-06-11 18:12:04.8670,303,519,30875,Subscriber,1970,1
2314,2019-06-22 06:45:09.9770,2019-06-22 07:23:44.5920,361,3423,32523,Subscriber,1980,1
645,2019-06-15 17:56:55.7800,2019-06-15 18:07:41.2300,353,372,31466,Subscriber,1981,1
1040,2019-06-24 21:29:40.0840,2019-06-24 21:47:00.8050,3112,3077,20001,Subscriber,1988,2
1253,2019-06-15 14:32:02.8000,2019-06-15 14:52:56.5270,3378,3164,30626,Customer,1969,2
653,2019-06-16 15:09:49.7760,2019-06-16 15:20:43.3650,3256,405,29782,Customer,1995,2
639,2019-06-03 19:46:53.2700,2019-06-03 19:57:32.3100,426,3002,28995,Customer,1998,1
397,2019-06-10 16:05:17.4700,2019-06-10 16:11:55.1600,3580,3601,16356,Subscriber,1987,1
1269,2019-06-29 17:41:43.4740,2019-06-29 18:02:53.0310,3164,3434,38388,Subscriber,1954,1
322,2019-06-28 13:22:02.4620,2019-06-28 13:27:24.9910,479,448,32381,Subscriber,1988,1
1116,2019-06-23 16:15:59.1910,2019-06-23 16:34:35.7320,3724,465,32604,Customer,1988,2
1744,2019-06-22 10:13:16.5650,2019-06-22 10:42:21.4210,3132,3320,34087,Subscriber,1962,2
330,2019-06-06 05:45:27.3220,2019-06-06 05:50:57.5610,3151,3286,33429,Subscriber,1994,2
2792,2019-06-21 18:28:34.1920,2019-06-21 19:15:07.0300,3318,285,33295,Subscriber,1997,1
1190,2019-06-11 13:37:29.2130,2019-06-11 13:57:19.9380,3680,257,33074,Subscriber,1972,1
498,2019-06-17 16:22:46.2040,2019-06-17 16:31:04.8210,453,482,25123,Subscriber,1974,1
476,2019-06-26 09:12:47.5780,2019-06-26 09:20:44.4560,478,450,27584,Subscriber,1977,1
279,2019-06-06 10:36:23.3540,2019-06-06 10:41:02.5070,469,480,30797,Subscriber,1961,1
175,2019-06-28 18:56:13.0310,2019-06-28 18:59:08.0400,229,293,18017,Subscriber,1991,1
1769,2019-06-01 19:54:39.8040,2019-06-01 20:24:08.9060,3110,3760,34349,Subscriber,1988,1
1694,2019-06-13 18:24:46.9130,2019-06-13 18:53:01.5580,304,2003,31420,Subscriber,1996,2
677,2019-06-30 19:28:12.0190,2019-06-30 19:39:29.3650,3417,3562,38432,Subscriber,1987,2
549,2019-06-16 14:12:37.6390,2019-06-16 14:21:47.2910,285,402,16288,Subscriber,1985,2
2067,2019-06-11 09:07:14.3720,2019-06-11 09:41:41.7310,3416,285,19579,Subscriber,1964,1
366,2019-06-19 13:23:02.1440,2019-06-19 13:29:09.0330,3595,3605,18155,Subscriber,1990,2
1127,2019-06-21 10:46:29.9440,2019-06-21 11:05:17.5790,332,405,33070,Subscriber,1977,0
122,2019-06-17 02:54:18.7950,2019-06-17 02:56:21.4770,437,436,32272,Subscriber,1965,1
942,2019-06-07 18:22:17.3300,2019-06-07 18:37:59.7710,405,327,14993,Subscriber,1971,1
785,2019-06-05 10:12:24.3850,2019-06-05 10:25:29.7790,482,377,32297,Subscriber,1989,2
538,2019-06-25 16:46:17.2280,2019-06-25 16:55:15.7150,347,3461,25842,Customer,1969,0
687,2019-06-24 18:41:43.5520,2019-06-24 18:53:11.2260,439,307,38095,Subscriber,1974,2
494,2019-06-21 07:14:15.7430,2019-06-21 07:22:30.0680,3141,3459,32694,Subscriber,1990,1
451,2019-06-01 15:39:46.7700,2019-06-01 15:47:17.7920,3656,361,32495,Subscriber,1979,2
88,2019-06-24 09:03:44.0270,2019-06-24 09:05:12.9480,3293,3307,31139,Subscriber,1973,1
429,2019-06-07 22:21:34.0690,2019-06-07 22:28:43.3620,3486,3413,29046,Subscriber,1969,2
183,2019-06-05 10:24:38.9080,2019-06-05 10:27:42.5710,3508,3543,32614,Subscriber,1986,1
511,2019-06-23 18:59:34.7600,2019-06-23 19:08:06.1900,3064,3046,25496,Customer,1991,2
1515,2019-06-28 14:31:11.7790,2019-06-28 14:56:27.4400,3163,3137,27443,Customer,1999,2
1345,2019-06-05 15:29:24.3100,2019-06-05 15:51:50.1580,3078,491,28287,Customer,1986,1
2759,2019-06-14 07:34:04.5140,2019-06-14 08:20:04.2560,379,150,25295,Subscriber,1979,2
17782,2019-06-08 18:03:13.5860,2019-06-08 22:59:35.9100,3171,3226,18729,Subscriber,1950,1
1330,2019-06-13 21:02:00.2130,2019-06-13 21:24:10.6430,363,448,27835,Subscriber,1982,1
381,2019-06-13 18:24:42.7440,2019-06-13 18:31:04.4150,3747,3370,16147,Subscriber,1991,2
327,2019-06-02 20:59:35.5100,2019-06-02 21:05:02.5700,3288,3154,26064,Subscriber,1990,1
1858,2019-06-26 06:59:06.0030,2019-06-26 07:30:04.6230,275,328,27495,Subscriber,1988,1
959,2019-06-13 15:10:44.4580,2019-06-13 15:26:43.7550,295,291,32669,Subscriber,1983,2
334,2019-06-11 18:23:50.7040,2019-06-11 18:29:25.2400,3595,3617,19895,Subscriber,1988,2
1178,2019-06-04 17:17:13.3090,2019-06-04 17:36:52.0780,484,320,31458,Subscriber,1973,1
335,2019-06-19 17:08:37.1440,2019-06-19 17:14:12.7520,282,532,15989,Subscriber,1992,1
1248,2019-06-11 08:14:34.3230,2019-06-11 08:35:23.2980,3177,3141,17300,Subscriber,1993,2
1093,2019-06-06 08:39:42.9860,2019-06-06 08:57:56.3430,302,167,31494,Subscriber,1988,1
839,2019-06-04 19:16:10.3500,2019-06-04 19:30:09.7830,3690,531,27170,Subscriber,1994,1
507,2019-06-01 03:09:51.3400,2019-06-01 03:18:18.3760,2008,426,34375,Subscriber,1989,2
678,2019-06-24 15:36:08.6360,2019-06-24 15:47:27.0590,3233,3131,38775,Subscriber,1983,1
1078,2019-06-25 17:39:13.6660,2019-06-25 17:57:11.7620,382,3236,28991,Subscriber,1967,1
231,2019-06-25 13:54:22.3470,2019-06-25 13:58:14.0890,239,3429,31366,Subscriber,1987,2
931,2019-06-28 06:46:44.9210,2019-06-28 07:02:16.1690,458,229,34259,Subscriber,1977,2
1126,2019-06-17 14:41:49.3370,2019-06-17 15:00:36.1900,325,476,27890,Subscriber,1976,2
801,2019-06-10 17:17:44.8050,2019-06-10 17:31:06.6920,3113,3101,27308,Subscriber,1977,2
139,2019-06-23 08:36:33.6390,2019-06-23 08:38:52.9430,487,2003,31123,Subscriber,1975,1
522,2019-06-12 11:50:58.0500,2019-06-12 11:59:40.1410,3168,3145,26403,Subscriber,1958,1
451,2019-06-18 22:08:45.4820,2019-06-18 22:16:16.8690,3154,3369,27418,Subscriber,1958,1
1108,2019-06-09 10:18:42.6580,2019-06-09 10:37:11.0840,3074,3071,15983,Customer,1995,0
397,2019-06-20 18:29:36.4530,2019-06-20 18:36:14.1360,496,229,27587,Subscriber,1961,1
3571,2019-06-03 13:12:11.1180,2019-06-03 14:11:42.7010,3733,3733,35236,Subscriber,1989,1
837,2019-06-29 14:25:06.4320,2019-06-29 14:39:03.4860,3137,281,28311,Customer,1979,1
358,2019-06-04 08:47:39.2620,2019-06-04 08:53:37.7980,438,285,17191,Subscriber,1981,2
1401,2019-06-20 18:00:10.6110,2019-06-20 18:23:32.0010,3664,3173,26894,Subscriber,1973,1
358,2019-06-04 22:54:28.7750,2019-06-04 23:00:27.6620,310,3674,26552,Subscriber,1992,1
478,2019-06-05 15:44:29.3400,2019-06-05 15:52:27.7670,3680,490,28400,Subscriber,1992,1
113,2019-06-27 16:59:44.4880,2019-06-27 17:01:38.3730,453,462,38140,Subscriber,1993,1
562,2019-06-26 20:20:19.9090,2019-06-26 20:29:42.5610,3258,492,35344,Subscriber,1964,2
958,2019-06-24 00:38:13.8370,2019-06-24 00:54:12.1690,312,470,30394,Subscriber,1994,1
1367,2019-06-14 19:53:07.0320,2019-06-14 20:15:55.0000,3301,450,30323,Subscriber,1983,1
1843,2019-06-02 14:50:42.2970,2019-06-02 15:21:26.0120,3689,3158,29414,Customer,1994,2
753,2019-06-02 14:45:58.4720,2019-06-02 14:58:32.2050,3671,3351,34077,Subscriber,1968,2
1021,2019-06-28 00:02:41.9410,2019-06-28 00:19:43.5400,422,3141,19868,Customer,1969,0
768,2019-06-21 18:15:30.3800,2019-06-21 18:28:18.5480,405,3708,27390,Subscriber,1990,2
605,2019-06-20 21:48:30.8120,2019-06-20 21:58:36.6870,500,3167,34355,Subscriber,1975,1
537,2019-06-30 08:32:27.5030,2019-06-30 08:41:24.8700,435,3244,28042,Subscriber,1975,2
613,2019-06-23 16:45:29.4760,2019-06-23 16:55:42.7920,3298,298,38896,Subscriber,1976,1
927,2019-06-28 10:40:54.4550,2019-06-28 10:56:22.2050,3161,3443,28311,Subscriber,1972,1
463,2019-06-27 22:18:50.1010,2019-06-27 22:26:34.0230,128,496,26639,Subscriber,1956,1
437,2019-06-06 19:47:27.8240,2019-06-06 19:54:45.3480,274,364,34088,Subscriber,1992,2
1138,2019-06-02 17:09:10.2540,2019-06-02 17:28:08.3460,466,440,28731,Subscriber,1990,2
417,2019-06-23 09:57:18.9820,2019-06-23 10:04:16.6660,3603,3610,17041,Customer,1982,1
879,2019-06-01 12:32:05.2940,2019-06-01 12:46:44.7230,3412,3349,35341,Subscriber,1984,2
396,2019-06-26 09:02:22.2330,2019-06-26 09:08:58.3000,358,212,16389,Subscriber,1988,2
1348,2019-06-25 12:32:17.7600,2019-06-25 12:54:46.5600,3309,3538,33371,Customer,1991,2
2095,2019-06-02 16:24:50.5740,2019-06-02 16:59:46.5550,3763,3584,28584,Subscriber,1987,1
231,2019-06-17 12:51:17.1510,2019-06-17 12:55:08.5600,2006,2023,20588,Subscriber,1991,1
1640,2019-06-28 15:55:16.5030,2019-06-28 16:22:36.6400,223,303,26122,Customer,1969,0
753,2019-06-24 07:56:45.2350,2019-06-24 08:09:19.1810,3137,3140,38789,Subscriber,1989,2
962,2019-06-12 18:05:56.6020,2019-06-12 18:21:58.9390,3328,3164,17509,Subscriber,1980,1
459,2019-06-17 17:30:35.1900,2019-06-17 17:38:14.6580,3472,466,28349,Subscriber,1994,2
466,2019-06-23 13:46:43.0750,2019-06-23 13:54:29.3660,3145,3231,30683,Subscriber,1980,1
301,2019-06-17 20:55:36.0730,2019-06-17 21:00:37.7380,3125,3611,26096,Customer,1969,0
1064,2019-06-11 09:22:26.5300,2019-06-11 09:40:10.9680,332,368,24753,Subscriber,1959,2
201,2019-06-22 06:12:30.1420,2019-06-22 06:15:51.7540,439,335,29926,Subscriber,1976,1
755,2019-06-26 22:40:13.9510,2019-06-26 22:52:49.2060,3171,3534,32892,Subscriber,1992,2
1319,2019-06-02 16:30:56.5650,2019-06-02 16:52:55.6450,3002,3746,20264,Customer,1969,0
737,2019-06-11 07:04:16.9690,2019-06-11 07:16:34.2130,422,458,27643,Subscriber,1985,1
541,2019-06-08 13:57:29.4150,2019-06-08 14:06:30.7320,426,346,26537,Subscriber,1995,1
624,2019-06-23 18:28:50.2910,2019-06-23 18:39:14.8440,3435,3737,32957,Subscriber,1974,1
273,2019-06-19 09:22:27.0100,2019-06-19 09:27:00.4190,412,312,16950,Subscriber,1982,1
603,2019-06-04 18:52:51.4590,2019-06-04 19:02:54.7690,3533,3323,25086,Subscriber,1989,2
2553,2019-06-17 14:29:31.3410,2019-06-17 15:12:04.9770,3112,3403,33889,Customer,1969,0
571,2019-06-13 00:41:55.8110,2019-06-13 00:51:26.8930,441,3142,31438,Customer,1969,0
842,2019-06-23 17:21:11.3970,2019-06-23 17:35:13.9690,534,331,21500,Subscriber,1951,1
306,2019-06-21 17:16:14.0680,2019-06-21 17:21:20.2570,308,3783,34349,Subscriber,1989,1
441,2019-06-11 22:14:46.6680,2019-06-11 22:22:08.0600,161,445,20799,Subscriber,1998,1
1286,2019-06-03 20:39:16.2430,2019-06-03 21:00:42.7120,494,530,15413,Subscriber,1973,2
561,2019-06-23 02:11:20.1480,2019-06-23 02:20:42.0510,532,3714,26861,Customer,1993,2
1945,2019-06-26 19:41:00.0140,2019-06-26 20:13:26.0040,217,434,19874,Customer,1989,1
1126,2019-06-04 19:31:33.9130,2019-06-04 19:50:20.0630,251,3472,19484,Subscriber,1987,2
308,2019-06-22 19:29:44.1380,2019-06-22 19:34:52.7210,3126,3127,38613,Subscriber,1978,1
211,2019-06-17 12:47:14.5210,2019-06-17 12:50:45.7150,3067,3071,26873,Subscriber,1991,1
1068,2019-06-28 17:14:46.5580,2019-06-28 17:32:35.5350,3680,439,35351,Subscriber,1993,1
1166,2019-06-27 14:46:33.3830,2019-06-27 15:06:00.3230,458,496,38152,Subscriber,1985,2
789,2019-06-11 07:43:39.6120,2019-06-11 07:56:49.1600,3628,3295,33938,Subscriber,1973,1
464,2019-06-28 13:26:11.8860,2019-06-28 13:33:56.2670,485,3443,30174,Subscriber,1963,1
226,2019-06-28 13:30:03.6150,2019-06-28 13:33:49.8750,455,454,27361,Subscriber,1960,2
395,2019-06-28 09:18:33.3540,2019-06-28 09:25:09.3460,3255,533,25860,Subscriber,1983,1
647,2019-06-20 18:41:09.3010,2019-06-20 18:51:57.2420,3141,3312,26804,Subscriber,1978,1
888,2019-06-01 16:41:25.1240,2019-06-01 16:56:13.9020,3756,481,28054,Subscriber,1979,1
816,2019-06-29 12:59:41.1750,2019-06-29 13:13:17.7580,3002,315,38994,Subscriber,1990,1
1991,2019-06-10 22:34:39.8420,2019-06-10 23:07:51.4060,398,398,33234,Customer,1992,2
448,2019-06-22 13:58:59.8980,2019-06-22 14:06:28.6130,3321,3420,16919,Subscriber,1986,1
1083,2019-06-26 18:18:11.4070,2019-06-26 18:36:14.6970,168,3435,18300,Subscriber,1992,2
824,2019-06-20 19:27:09.8190,2019-06-20 19:40:54.0980,358,405,29787,Subscriber,1958,2
1431,2019-06-04 14:28:53.2020,2019-06-04 14:52:45.0110,405,3435,34269,Customer,1969,0
770,2019-06-05 20:15:08.2730,2019-06-05 20:27:59.1800,317,223,34014,Subscriber,1992,2
768,2019-06-19 07:44:16.6230,2019-06-19 07:57:05.4810,317,319,31511,Subscriber,1986,1
212,2019-06-26 08:44:00.7100,2019-06-26 08:47:33.5440,3549,3537,20084,Subscriber,1985,2
723,2019-06-03 10:49:51.5800,2019-06-03 11:01:54.6390,405,3260,25410,Subscriber,1998,2
557,2019-06-23 15:02:04.2210,2019-06-23 15:11:21.4750,3256,405,18379,Subscriber,1995,1
663,2019-06-17 19:26:00.0120,2019-06-17 19:37:03.7720,368,326,20782,Subscriber,1996,2
846,2019-06-24 18:49:05.4010,2019-06-24 19:03:11.7380,487,440,26370,Subscriber,1981,1
122,2019-06-14 06:05:40.4060,2019-06-14 06:07:42.7590,363,3002,33985,Customer,1995,2
849,2019-06-04 16:45:40.0700,2019-06-04 16:59:49.6960,116,525,17398,Customer,1969,0
3041,2019-06-07 16:36:27.1920,2019-06-07 17:27:09.0230,3529,3289,32125,Subscriber,1981,2
503,2019-06-04 17:33:33.1400,2019-06-04 17:41:56.2050,517,385,33852,Subscriber,1990,1
136,2019-06-24 14:18:23.5060,2019-06-24 14:20:39.6840,3502,3494,38928,Subscriber,1966,1
1077,2019-06-22 18:50:53.2130,2019-06-22 19:08:51.1130,2006,3374,26754,Subscriber,1979,2
562,2019-06-19 19:08:06.4560,2019-06-19 19:17:29.3550,3263,150,38185,Subscriber,1989,1
3288,2019-06-25 12:56:00.5640,2019-06-25 13:50:48.6950,3691,3691,24805,Subscriber,1986,2
1100,2019-06-08 15:24:48.1530,2019-06-08 15:43:08.8150,459,3256,19098,Customer,1977,1
2050,2019-06-17 21:25:46.1080,2019-06-17 21:59:56.6040,493,3690,34081,Subscriber,1992,1
1112,2019-06-12 13:13:25.1120,2019-06-12 13:31:57.1370,486,3168,26810,Subscriber,1956,1
1358,2019-06-13 20:25:12.5570,2019-06-13 20:47:50.6440,480,461,25749,Subscriber,1985,1
138,2019-06-19 10:22:53.4390,2019-06-19 10:25:11.9450,330,146,16216,Subscriber,1963,1
3027,2019-06-07 12:43:03.7900,2019-06-07 13:33:31.7430,2006,2006,19904,Customer,1960,2
1287,2019-06-25 15:32:30.1060,2019-06-25 15:53:57.9150,3158,3507,28978,Subscriber,1975,1
854,2019-06-05 23:11:01.7240,2019-06-05 23:25:15.8970,127,325,31392,Subscriber,1992,1
1023,2019-06-25 18:20:58.1930,2019-06-25 18:38:01.9470,494,128,33388,Subscriber,1989,2
1294,2019-06-14 21:17:32.8720,2019-06-14 21:39:06.9450,524,3467,30574,Subscriber,1982,1
1265,2019-06-16 15:02:10.4010,2019-06-16 15:23:15.9170,3305,3323,25022,Customer,1969,0
125,2019-06-30 12:17:56.6700,2019-06-30 12:20:02.4830,3382,3388,31959,Subscriber,1979,1
1343,2019-06-21 07:49:00.5070,2019-06-21 08:11:24.3040,3231,285,28535,Subscriber,1972,1
942,2019-06-12 12:20:32.7880,2019-06-12 12:36:15.4630,3648,471,32839,Subscriber,1992,1
1183,2019-06-15 17:44:06.6510,2019-06-15 18:03:50.5300,480,388,18623,Customer,1996,2
1495,2019-06-16 18:18:44.7030,2019-06-16 18:43:40.6820,3259,410,15224,Customer,1981,2
1699,2019-06-19 13:13:10.0150,2019-06-19 13:41:29.4720,487,379,33890,Subscriber,1971,2
330,2019-06-21 16:12:07.1480,2019-06-21 16:17:37.9290,497,383,32661,Subscriber,1991,1
95,2019-06-18 19:45:23.2970,2019-06-18 19:46:58.6820,3255,490,35114,Subscriber,1981,1
705,2019-06-21 14:34:06.6390,2019-06-21 14:45:52.4810,259,3002,30260,Customer,1971,1
620,2019-06-24 19:32:18.2590,2019-06-24 19:42:38.8960,161,503,25980,Subscriber,1978,2
1842,2019-06-07 06:57:52.1590,2019-06-07 07:28:34.6280,3307,281,27189,Subscriber,1962,2
1435,2019-06-25 14:59:45.0230,2019-06-25 15:23:40.9870,3137,3168,26877,Customer,1992,2
584,2019-06-28 15:59:09.6450,2019-06-28 16:08:54.2920,3418,3368,30487,Subscriber,1957,2
308,2019-06-10 20:59:09.0390,2019-06-10 21:04:17.3800,461,236,17125,Subscriber,1988,2
525,2019-06-08 11:07:35.6310,2019-06-08 11:16:20.6600,383,303,18332,Subscriber,1995,1
160,2019-06-17 13:30:30.6750,2019-06-17 13:33:10.7360,496,382,33038,Subscriber,1992,2
1081,2019-06-23 03:19:52.8220,2019-06-23 03:37:54.4040,3256,337,30535,Customer,1969,0
1767,2019-06-23 21:55:03.1940,2019-06-23 22:24:30.5390,2009,339,38259,Subscriber,1968,2
339,2019-06-23 15:42:31.6640,2019-06-23 15:48:10.7100,254,229,14590,Subscriber,1980,1
831,2019-06-07 08:43:46.5440,2019-06-07 08:57:37.8890,519,293,28004,Subscriber,1983,1
2747,2019-06-17 03:23:17.3350,2019-06-17 04:09:04.5790,379,473,29869,Customer,1969,0
812,2019-06-16 18:12:01.5040,2019-06-16 18:25:34.2910,524,3158,30552,Customer,1969,0
493,2019-06-25 08:29:17.9110,2019-06-25 08:37:31.2450,3422,217,17217,Subscriber,1989,2
1371,2019-06-02 09:26:20.4530,2019-06-02 09:49:12.0940,340,476,20851,Subscriber,1959,1
1248,2019-06-05 17:18:25.9220,2019-06-05 17:39:14.4460,3747,385,27856,Subscriber,1960,2
2029,2019-06-05 09:14:03.2600,2019-06-05 09:47:53.0370,259,174,18794,Subscriber,1959,2
649,2019-06-14 11:03:42.8720,2019-06-14 11:14:32.2040,241,241,15751,Subscriber,1942,1
2274,2019-06-23 08:57:48.0880,2019-06-23 09:35:42.1550,3164,403,31510,Subscriber,1971,1
831,2019-06-27 08:12:11.4810,2019-06-27 08:26:02.6190,291,229,27494,Subscriber,1986,1
218,2019-06-06 20:53:14.3580,2019-06-06 20:56:52.9600,423,495,18504,Subscriber,1985,1
887,2019-06-22 20:23:27.7620,2019-06-22 20:38:15.1930,251,3686,18256,Subscriber,1988,2
357,2019-06-20 17:39:40.4220,2019-06-20 17:45:38.1680,297,507,25653,Subscriber,1995,2
3810,2019-06-30 23:10:23.9340,2019-07-01 00:13:54.2540,336,291,39630,Subscriber,1989,2
755,2019-06-05 18:41:41.0810,2019-06-05 18:54:16.6340,311,3435,28459,Subscriber,1985,1
442,2019-06-23 15:12:24.3090,2019-06-23 15:19:46.7520,229,317,32978,Subscriber,1989,1
271,2019-06-23 15:42:29.6000,2019-06-23 15:47:01.1120,3547,3508,29349,Subscriber,1968,1
651,2019-06-12 19:39:20.7280,2019-06-12 19:50:11.9590,3141,3362,32165,Subscriber,1988,1
1373,2019-06-29 13:38:19.9270,2019-06-29 14:01:13.6530,3415,3782,35175,Customer,1987,1
1187,2019-06-30 22:44:04.1180,2019-06-30 23:03:51.5240,485,257,33183,Subscriber,1975,1
966,2019-06-01 12:33:13.8470,2019-06-01 12:49:20.1870,3660,236,33382,Subscriber,1988,2
219,2019-06-21 18:44:30.8540,2019-06-21 18:48:10.0120,467,3420,28771,Subscriber,1993,1
1223,2019-06-27 12:03:14.5030,2019-06-27 12:23:38.2510,402,502,34393,Subscriber,1962,1
487,2019-06-30 14:36:29.9170,2019-06-30 14:44:36.9170,531,415,38779,Subscriber,1968,1
1168,2019-06-16 16:19:09.3690,2019-06-16 16:38:38.3310,462,116,33926,Subscriber,1988,1
438,2019-06-13 15:06:24.6100,2019-06-13 15:13:43.2500,453,402,27256,Subscriber,1986,1
1127,2019-06-29 11:19:42.1170,2019-06-29 11:38:29.1970,3236,503,30041,Subscriber,1991,2
116,2019-06-21 12:44:20.1710,2019-06-21 12:46:16.3830,3516,3721,38472,Subscriber,1972,1
605,2019-06-29 22:33:00.5900,2019-06-29 22:43:05.8940,3762,274,20105,Customer,1989,2
283,2019-06-20 12:34:31.9440,2019-06-20 12:39:15.3020,3746,268,25800,Subscriber,1982,2
89,2019-06-19 18:33:40.0280,2019-06-19 18:35:09.4720,497,402,26378,Subscriber,1986,1
1059,2019-06-11 18:46:28.0080,2019-06-11 19:04:07.6550,224,473,32806,Subscriber,1982,1
227,2019-06-27 14:48:55.3760,2019-06-27 14:52:42.4940,3409,3332,35173,Subscriber,1960,1
902,2019-06-03 07:37:20.2280,2019-06-03 07:52:22.3020,326,347,19239,Subscriber,1965,2
1530,2019-06-02 11:19:28.5040,2019-06-02 11:44:58.7150,490,173,31611,Customer,1969,0
657,2019-06-07 12:48:51.7540,2019-06-07 12:59:49.3700,3538,3539,28217,Customer,1988,2
922,2019-06-27 00:37:51.9680,2019-06-27 00:53:14.4930,473,3093,17049,Subscriber,1997,1
1580,2019-06-13 00:55:53.9390,2019-06-13 01:22:14.3700,164,3711,31487,Subscriber,1954,1
509,2019-06-27 12:50:26.9280,2019-06-27 12:58:56.3020,500,448,21496,Subscriber,1983,1
2314,2019-06-11 03:25:45.8340,2019-06-11 04:04:20.1200,3554,3142,27449,Subscriber,1970,1
1484,2019-06-17 15:01:54.0370,2019-06-17 15:26:39.0310,3467,482,33382,Customer,1986,1
556,2019-06-21 14:54:58.9130,2019-06-21 15:04:15.7880,3404,3417,25423,Subscriber,1979,1
1938,2019-06-04 16:29:19.9520,2019-06-04 17:01:38.0260,151,327,33461,Customer,1969,0
200,2019-06-26 17:15:08.2570,2019-06-26 17:18:29.0100,3680,485,18660,Subscriber,1973,1
466,2019-06-14 14:58:03.6920,2019-06-14 15:05:50.3630,504,3737,32979,Subscriber,1987,2
845,2019-06-12 08:00:43.6310,2019-06-12 08:14:49.3150,3165,228,25204,Customer,1988,1
735,2019-06-04 08:32:24.1100,2019-06-04 08:44:39.5240,536,442,15043,Subscriber,1966,1
323,2019-06-07 18:28:45.0620,2019-06-07 18:34:08.5860,239,366,17086,Subscriber,1985,1
1692,2019-06-22 19:35:25.6650,2019-06-22 20:03:38.5750,389,3414,19591,Subscriber,1995,2
282,2019-06-04 19:00:47.3220,2019-06-04 19:05:29.5170,327,426,15586,Subscriber,1974,1
927,2019-06-25 18:26:11.7350,2019-06-25 18:41:39.1920,469,3378,34213,Subscriber,1968,1
749,2019-06-13 23:17:25.6990,2019-06-13 23:29:54.9030,3521,3495,16386,Customer,1969,0
1099,2019-06-29 20:05:04.7980,2019-06-29 20:23:24.6850,3332,3405,34313,Customer,1969,0
116,2019-06-20 10:29:11.2940,2019-06-20 10:31:08.1040,497,402,16127,Subscriber,1989,1
776,2019-06-11 17:04:44.9290,2019-06-11 17:17:41.3650,151,532,27750,Subscriber,1992,1
500,2019-06-20 18:07:43.2340,2019-06-20 18:16:03.3850,3135,3294,27803,Subscriber,1965,2
